fixed acidity;volatile acidity;citric acid;residual sugar;chlorides;free sulfur dioxide;total sulfur dioxide;density;pH;sulphates;alcohol;quality;type_Red;type_White
6.8;0.37;0.28;1.9;0.024;64.0;106.0;0.98993;3.45;0.6;12.6;8;0;1
5.0;0.17;0.56;1.5;0.026000000000000002;24.0;115.0;0.9906;3.48;0.39;10.8;7;0;1
5.9;0.12;0.28;1.4;0.037000000000000005;36.0;83.0;0.99074;3.33;0.42;10.9;7;0;1
6.0;0.2;0.26;6.8;0.049;22.0;93.0;0.9928;3.15;0.42;11.0;6;0;1
5.7;0.33;0.32;1.4;0.043;28.0;93.0;0.9897;3.31;0.5;12.3;6;0;1
10.5;0.24;0.42;1.8;0.077;6.0;22.0;0.9976;3.21;1.05;10.8;7;1;0
5.8;0.14;0.15;6.1;0.042;27.0;123.0;0.9936200000000001;3.06;0.6;9.9;6;0;1
6.5;0.22;0.32;2.2;0.027999999999999997;36.0;92.0;0.9907600000000001;3.27;0.59;11.9;7;0;1
6.7;0.21;0.49;1.4;0.047;30.0;114.0;0.9914;2.92;0.42;10.8;7;0;1
6.7;0.44;0.31;1.9;0.03;41.0;104.0;0.99;3.29;0.62;12.6;7;0;1
6.8;0.22;0.36;1.2;0.052000000000000005;38.0;127.0;0.9933;3.04;0.54;9.2;5;0;1
6.9;0.19;0.39;8.0;0.027999999999999997;22.0;84.0;0.9940000000000001;3.11;0.66;10.8;6;0;1
10.1;0.27;0.54;2.3;0.065;7.0;26.0;0.99531;3.17;0.53;12.5;6;1;0
6.8;0.36;0.32;1.6;0.039;10.0;124.0;0.9948;3.3;0.67;9.6;5;0;1
7.2;0.3;0.26;1.5;0.040999999999999995;46.0;178.0;0.99154;3.19;0.56;11.3;6;0;1
7.1;0.33;0.18;6.3;0.094;27.0;166.0;0.99474;2.9;0.49;9.5;5;0;1
6.2;0.21;0.18;11.6;0.044000000000000004;61.0;155.0;0.99655;3.14;0.52;9.4;6;0;1
7.9;0.545;0.06;4.0;0.087;27.0;61.0;0.9965;3.36;0.67;10.7;6;1;0
6.7;0.28;0.34;8.9;0.048;32.0;111.0;0.99455;3.25;0.54;11.0;7;0;1
6.6;0.5;0.04;2.1;0.068;6.0;14.0;0.9955;3.39;0.64;9.4;6;1;0
6.4;0.69;0.09;7.6;0.044000000000000004;34.0;144.0;0.9948;3.26;0.38;10.1;6;0;1
7.2;0.41;0.3;2.1;0.083;35.0;72.0;0.997;3.44;0.52;9.4;5;1;0
6.5;0.33;0.28;6.1;0.018000000000000002;41.0;103.0;0.9912200000000001;3.24;0.32;12.2;6;0;1
7.7;0.75;0.27;3.8;0.11;34.0;89.0;0.99664;3.24;0.45;9.3;5;1;0
5.6;0.2;0.66;10.2;0.043;78.0;175.0;0.9945;2.98;0.43;10.4;7;0;1
5.8;0.34;0.21;6.6;0.04;50.0;167.0;0.9941;3.29;0.62;10.0;5;0;1
7.2;0.36;0.36;5.7;0.038;26.0;98.0;0.9914;2.93;0.59;12.5;7;0;1
7.3;0.25;0.41;1.8;0.037000000000000005;52.0;165.0;0.9911;3.29;0.39;12.2;7;0;1
7.2;0.19;0.39;1.2;0.036000000000000004;32.0;85.0;0.9918;3.16;0.5;10.5;5;0;1
7.1;0.14;0.4;1.2;0.051;55.0;136.0;0.9932;3.3;0.96;9.8;7;0;1
6.3;0.24;0.29;13.7;0.035;53.0;134.0;0.99567;3.17;0.38;10.6;6;0;1
6.6;0.17;0.35;2.6;0.03;33.0;78.0;0.99146;3.22;0.72;11.3;6;0;1
6.7;0.51;0.24;2.1;0.043;14.0;155.0;0.9904;3.22;0.6;13.0;6;0;1
6.9;0.52;0.54;7.9;0.036000000000000004;23.0;169.0;0.99267;3.26;0.47;12.2;6;0;1
7.8;0.26;0.49;3.1;0.045;21.0;116.0;0.9931;3.16;0.35;10.3;5;0;1
7.4;0.32;0.55;16.6;0.055999999999999994;53.0;238.0;10.017000000000001;2.96;0.58;8.7;6;0;1
6.8;0.37;0.67;1.5;0.175;16.0;98.0;0.99244;3.06;0.56;10.3;6;0;1
5.1;0.42;0.0;1.8;0.044000000000000004;18.0;88.0;0.9915700000000001;3.68;0.73;13.6;7;1;0
7.5;0.23;0.36;7.0;0.036000000000000004;43.0;161.0;0.9938;3.04;0.32;11.0;5;0;1
6.7;0.33;0.42;6.4;0.057999999999999996;27.0;151.0;0.9954;3.16;0.44;9.6;5;0;1
6.8;0.43;0.26;5.2;0.043;40.0;176.0;0.99116;3.17;0.41;12.3;6;0;1
7.5;0.705;0.1;13.0;0.044000000000000004;44.0;214.0;0.99741;3.1;0.5;9.1;5;0;1
7.6;0.31;0.49;13.4;0.062;50.0;191.0;0.9989;3.22;0.53;9.0;4;0;1
6.8;0.31;0.19;3.5;0.086;30.0;130.0;0.993;2.83;0.44;9.6;5;0;1
7.8;0.57;0.31;1.8;0.069;26.0;120.0;0.99625;3.29;0.53;9.3;5;1;0
7.8;0.32;0.31;1.7;0.036000000000000004;46.0;195.0;0.993;3.03;0.48;10.5;5;0;1
7.0;0.805;0.0;2.5;0.068;7.0;20.0;0.9969;3.48;0.56;9.6;5;1;0
6.4;0.27;0.45;8.3;0.05;52.0;196.0;0.9955;3.18;0.48;9.5;5;0;1
6.6;0.24;0.38;8.0;0.042;56.0;187.0;0.99577;3.21;0.46;9.2;5;0;1
7.1;0.26;0.31;2.2;0.044000000000000004;29.0;128.0;0.9937;3.34;0.64;10.9;8;0;1
7.8;0.645;0.0;2.0;0.08199999999999999;8.0;16.0;0.9964;3.38;0.59;9.8;6;1;0
8.0;0.42;0.17;2.0;0.073;6.0;18.0;0.9972;3.29;0.61;9.2;6;1;0
7.3;0.37;0.16;14.9;0.048;59.0;240.0;0.99902;3.13;0.45;8.9;5;0;1
7.1;0.46;0.2;1.9;0.077;28.0;54.0;0.9956;3.37;0.64;10.4;6;1;0
8.2;0.32;0.26;2.1;0.062;26.0;87.0;0.98974;3.1;0.47;12.8;6;0;1
5.8;0.32;0.28;4.3;0.032;46.0;115.0;0.98946;3.16;0.57;13.0;8;0;1
8.7;0.34;0.46;13.8;0.055;68.0;198.0;0.9988;3.36;0.37;9.5;6;0;1
6.1;0.36;0.16;6.4;0.037000000000000005;36.0;198.0;0.9944;3.17;0.62;9.9;6;0;1
6.7;0.16;0.36;2.0;0.045;24.0;131.0;0.99284;3.3;0.59;10.5;6;0;1
7.7;0.46;0.18;3.3;0.054000000000000006;18.0;143.0;0.99392;3.12;0.51;10.8;6;0;1
7.8;0.28;0.34;1.6;0.027999999999999997;32.0;118.0;0.9901;3.0;0.38;12.1;7;0;1
5.9;0.24;0.3;2.0;0.033;28.0;92.0;0.99225;3.39;0.69;10.9;7;0;1
6.1;0.36;0.26;8.15;0.035;14.0;88.0;0.99031;3.06;0.27;13.0;7;0;1
6.6;0.42;0.13;12.8;0.044000000000000004;26.0;158.0;0.99772;3.24;0.47;9.0;5;0;1
10.6;0.44;0.68;4.1;0.114;6.0;24.0;0.997;3.06;0.66;13.4;6;1;0
6.1;0.68;0.52;1.4;0.037000000000000005;32.0;123.0;0.9902200000000001;3.24;0.45;12.0;6;0;1
6.5;0.19;0.34;1.6;0.028999999999999998;39.0;116.0;0.98954;3.21;0.68;12.5;6;0;1
9.0;0.22;0.49;10.4;0.048;52.0;195.0;0.9987;3.31;0.44;10.2;6;0;1
8.3;0.21;0.4;1.6;0.032;35.0;110.0;0.9907;3.02;0.6;12.9;7;0;1
6.5;0.18;0.34;1.6;0.04;43.0;148.0;0.9912;3.32;0.59;11.5;8;0;1
7.7;0.46;0.18;3.3;0.054000000000000006;18.0;143.0;0.99392;3.12;0.51;10.8;6;0;1
6.8;0.27;0.22;8.1;0.034;55.0;203.0;0.9961;3.19;0.52;8.9;5;0;1
5.3;0.165;0.24;1.1;0.051;25.0;105.0;0.9925;3.32;0.47;9.1;5;0;1
7.5;0.18;0.31;6.5;0.028999999999999998;53.0;160.0;0.9927600000000001;3.03;0.38;10.9;6;0;1
7.6;0.27;0.33;2.0;0.059000000000000004;19.0;175.0;0.9944;3.22;0.56;9.9;5;0;1
7.4;0.61;0.01;2.0;0.07400000000000001;13.0;38.0;0.9974799999999999;3.48;0.65;9.8;5;1;0
7.9;0.2;0.34;1.2;0.04;29.0;118.0;0.9932;3.14;0.41;10.6;6;0;1
6.3;0.305;0.22;16.0;0.061;26.0;141.0;0.99824;3.08;0.5;9.1;5;0;1
8.0;0.2;0.36;1.2;0.032;21.0;78.0;0.9921;3.08;0.37;10.4;6;0;1
7.5;0.58;0.56;3.1;0.153;5.0;14.0;0.9947600000000001;3.21;1.03;11.6;6;1;0
8.0;0.23;0.28;2.7;0.048;49.0;165.0;0.9952;3.26;0.72;9.5;6;0;1
6.4;0.105;0.29;1.1;0.035;44.0;140.0;0.9914200000000001;3.17;0.55;10.7;7;0;1
6.8;0.32;0.34;6.0;0.05;5.0;129.0;0.9953;3.19;0.4;9.1;5;0;1
6.4;0.32;0.5;10.7;0.047;57.0;206.0;0.9968;3.08;0.6;9.4;5;0;1
7.2;0.25;0.28;14.4;0.055;55.0;205.0;0.9986;3.12;0.38;9.0;7;0;1
7.6;0.25;1.23;4.6;0.035;51.0;294.0;0.99018;3.03;0.43;13.1;6;0;1
7.3;0.19;0.49;15.55;0.057999999999999996;50.0;134.0;0.9998;3.42;0.36;9.1;7;0;1
5.7;0.695;0.06;6.8;0.042;9.0;84.0;0.9943200000000001;3.44;0.44;10.2;5;0;1
7.2;0.47;0.16;5.9;0.048;14.0;125.0;0.9942799999999999;3.09;0.49;9.8;5;0;1
7.1;0.43;0.42;5.5;0.071;28.0;128.0;0.9973;3.42;0.71;10.5;5;1;0
7.4;0.17;0.29;1.4;0.047;23.0;107.0;0.9939;3.52;0.65;10.4;6;0;1
7.7;0.3;0.42;14.3;0.045;45.0;213.0;0.9991;3.18;0.63;9.2;5;0;1
7.1;0.26;0.19;8.2;0.051;53.0;187.0;0.996;3.16;0.52;9.7;5;0;1
15.6;0.685;0.76;3.7;0.1;6.0;43.0;10.032;2.95;0.68;11.2;7;1;0
6.8;0.18;0.28;9.8;0.039;29.0;113.0;0.99406;3.11;0.45;10.9;7;0;1
6.0;0.21;0.34;2.0;0.042;63.0;123.0;0.9905200000000001;3.44;0.42;11.4;6;0;1
6.0;0.31;0.24;3.3;0.040999999999999995;25.0;143.0;0.9914;3.31;0.44;11.3;6;0;1
7.3;0.26;0.33;17.85;0.049;41.5;195.0;1.0;3.06;0.44;9.1;7;0;1
8.0;0.2;0.3;8.1;0.037000000000000005;42.0;130.0;0.99379;3.1;0.67;11.8;6;0;1
7.2;0.21;0.34;1.1;0.046;25.0;80.0;0.992;3.25;0.4;11.3;6;0;1
7.6;0.48;0.31;2.8;0.07;4.0;15.0;0.9969299999999999;3.22;0.55;10.3;6;1;0
6.8;0.21;0.36;18.1;0.046;32.0;133.0;1.0;3.27;0.48;8.8;5;0;1
6.4;0.18;0.74;11.9;0.046;54.0;168.0;0.9978;3.58;0.68;10.1;5;0;1
6.5;0.41;0.24;14.0;0.048;24.0;113.0;0.9982;3.44;0.53;9.8;6;0;1
6.5;0.36;0.38;10.2;0.027999999999999997;20.0;82.0;0.99274;3.1;0.43;12.1;7;0;1
8.2;0.34;0.37;1.9;0.057;43.0;74.0;0.99408;3.23;0.81;12.0;6;1;0
6.1;0.15;0.35;15.8;0.042;55.0;158.0;0.9964200000000001;3.24;0.37;10.6;5;0;1
7.6;0.17;0.27;4.6;0.05;23.0;98.0;0.9942200000000001;3.08;0.47;9.5;6;0;1
7.8;0.28;0.34;1.6;0.027999999999999997;32.0;118.0;0.9901;3.0;0.38;12.1;7;0;1
5.7;0.26;0.24;17.8;0.059000000000000004;23.0;124.0;0.9977299999999999;3.3;0.5;10.1;5;0;1
6.6;0.36;0.29;1.6;0.021;24.0;85.0;0.98965;3.41;0.61;12.4;9;0;1
7.3;0.28;0.42;1.2;0.033;29.0;142.0;0.99205;3.17;0.43;10.7;4;0;1
7.1;0.18;0.74;15.6;0.044000000000000004;44.0;176.0;0.9996;3.38;0.67;9.0;6;0;1
6.2;0.51;0.14;1.9;0.055999999999999994;15.0;34.0;0.9939600000000001;3.48;0.57;11.5;6;1;0
7.1;0.45;0.24;2.7;0.04;24.0;87.0;0.98862;2.94;0.38;13.4;8;0;1
8.0;0.26;0.28;8.2;0.038;72.0;202.0;0.99566;3.12;0.56;10.0;6;0;1
10.7;0.9;0.34;6.6;0.11199999999999999;23.0;99.0;100.289;3.22;0.68;9.3;5;1;0
6.7;0.46;0.27;5.2;0.039;35.0;96.0;0.99129;3.16;0.44;12.4;7;0;1
8.5;0.66;0.2;2.1;0.09699999999999999;23.0;113.0;0.9973299999999999;3.13;0.48;9.2;5;1;0
7.6;0.36;0.31;1.7;0.079;26.0;65.0;0.99716;3.46;0.62;9.5;6;1;0
9.3;0.715;0.24;2.1;0.07;5.0;20.0;0.9966;3.12;0.59;9.9;5;1;0
7.2;0.24;0.29;2.2;0.037000000000000005;37.0;102.0;0.992;3.27;0.64;11.0;7;0;1
8.2;0.18;0.49;1.1;0.033;28.0;81.0;0.9923;3.0;0.68;10.4;7;0;1
6.0;0.25;0.28;7.7;0.053;37.0;132.0;0.9948899999999999;3.06;0.5;9.4;6;0;1
8.5;0.19;0.48;1.1;0.026000000000000002;23.0;58.0;0.9918399999999999;2.9;0.5;10.5;6;0;1
9.8;0.42;0.48;9.85;0.034;5.0;110.0;0.9958;2.87;0.29;10.0;5;0;1
7.2;0.2;0.61;16.2;0.043;14.0;103.0;0.9987;3.06;0.36;9.2;6;0;1
6.9;0.32;0.3;1.8;0.036000000000000004;28.0;117.0;0.99269;3.24;0.48;11.0;6;0;1
6.8;0.27;0.26;16.1;0.049;55.0;196.0;0.9984;3.15;0.5;9.3;5;0;1
6.7;0.27;0.33;3.6;0.034;9.0;45.0;0.99144;3.08;0.4;10.5;6;0;1
8.2;0.74;0.09;2.0;0.067;5.0;10.0;0.99418;3.28;0.57;11.8;6;1;0
7.9;0.64;0.46;10.6;0.244;33.0;227.0;0.9983;2.87;0.74;9.1;3;0;1
9.3;0.31;0.49;1.3;0.042;34.0;147.0;0.9948;3.11;0.46;9.8;5;0;1
7.3;0.18;0.65;1.4;0.046;28.0;157.0;0.9946;3.33;0.62;9.4;6;0;1
6.3;0.3;0.48;7.4;0.053;34.0;149.0;0.99472;3.18;0.53;9.8;5;0;1
6.9;0.3;0.36;0.9;0.037000000000000005;40.0;156.0;0.9896799999999999;3.08;0.36;12.1;6;0;1
7.0;0.43;0.3;2.0;0.085;6.0;39.0;0.99346;3.33;0.46;11.9;6;1;0
7.2;0.25;0.19;8.0;0.044000000000000004;51.0;172.0;0.9964;3.16;0.44;9.2;5;0;1
8.1;0.26;0.37;1.9;0.07200000000000001;48.0;159.0;0.9949;3.37;0.7;10.9;6;0;1
6.2;0.3;0.32;1.3;0.054000000000000006;27.0;183.0;0.99266;3.3;0.43;10.1;5;0;1
9.8;0.5;0.34;2.3;0.094;10.0;45.0;0.99864;3.24;0.6;9.7;7;1;0
6.8;0.23;0.3;6.95;0.044000000000000004;42.0;179.0;0.9946;3.25;0.56;10.6;6;0;1
6.3;0.24;0.29;13.7;0.035;53.0;134.0;0.99567;3.17;0.38;10.6;6;0;1
7.5;0.14;0.34;1.3;0.055;50.0;153.0;0.9945;3.29;0.8;9.6;6;0;1
5.6;0.19;0.26;1.4;0.03;12.0;76.0;0.9905;3.25;0.37;10.9;7;0;1
9.4;0.23;0.56;16.45;0.063;52.5;282.0;100.098;3.1;0.51;9.3;5;0;1
6.5;0.22;0.32;2.2;0.027999999999999997;36.0;92.0;0.9907600000000001;3.27;0.59;11.9;7;0;1
7.7;0.26;0.3;1.7;0.059000000000000004;20.0;38.0;0.9949;3.29;0.47;10.8;6;1;0
6.8;0.67;0.3;13.0;0.29;22.0;193.0;0.9984;3.08;0.67;9.0;4;0;1
6.6;0.34;0.34;2.6;0.051;40.5;210.0;0.9931399999999999;3.15;0.61;10.0;5;0;1
7.5;0.77;0.2;8.1;0.098;30.0;92.0;0.99892;3.2;0.58;9.2;5;1;0
7.9;0.18;0.4;2.2;0.049;38.0;67.0;0.996;3.33;0.93;11.3;5;1;0
7.3;0.19;0.24;6.3;0.054000000000000006;34.0;231.0;0.9964;3.36;0.54;10.0;6;0;1
6.2;0.2;0.26;9.7;0.03;39.0;102.0;0.9908;3.08;0.56;12.9;7;0;1
7.4;0.2;1.66;2.1;0.022000000000000002;34.0;113.0;0.99165;3.26;0.55;12.2;6;0;1
8.0;0.705;0.05;1.9;0.07400000000000001;8.0;19.0;0.9962;3.34;0.95;10.5;6;1;0
7.0;0.22;0.29;8.9;0.05;24.0;90.0;0.99556;3.29;0.46;9.8;6;0;1
5.6;0.46;0.24;4.8;0.042;24.0;72.0;0.9908;3.29;0.37;12.6;6;0;1
7.2;0.63;0.0;1.9;0.09699999999999999;14.0;38.0;0.99675;3.37;0.58;9.0;6;1;0
6.1;0.17;0.29;1.1;0.040999999999999995;32.0;92.0;0.99036;3.26;0.57;11.2;6;0;1
8.9;0.24;0.39;1.6;0.07400000000000001;3.0;10.0;0.99698;3.12;0.59;9.5;6;1;0
8.5;0.15;0.49;1.5;0.031;17.0;122.0;0.9932;3.03;0.4;10.3;6;0;1
9.4;0.43;0.24;2.8;0.092;14.0;45.0;0.998;3.19;0.73;10.0;6;1;0
8.0;0.42;0.36;5.0;0.037000000000000005;34.0;101.0;0.992;3.13;0.57;12.3;7;0;1
7.8;0.5;0.09;2.2;0.115;10.0;42.0;0.9971;3.18;0.62;9.5;5;1;0
6.0;0.43;0.34;7.6;0.045;25.0;118.0;0.9922200000000001;3.03;0.37;11.0;6;0;1
6.6;0.32;0.22;16.7;0.046;38.0;133.0;0.9979;3.22;0.67;10.4;6;0;1
7.9;0.65;0.01;2.5;0.078;17.0;38.0;0.9963;3.34;0.74;11.7;7;1;0
7.4;0.25;0.28;7.25;0.027999999999999997;14.0;78.0;0.9923799999999999;2.94;0.37;11.5;7;0;1
9.8;0.34;0.39;1.4;0.066;3.0;7.0;0.9947;3.19;0.55;11.4;7;1;0
6.2;0.27;0.18;1.5;0.027999999999999997;20.0;111.0;0.9922799999999999;3.41;0.5;10.0;5;0;1
8.6;0.47;0.47;2.4;0.07400000000000001;7.0;29.0;0.9979;3.08;0.46;9.5;5;1;0
8.0;0.745;0.56;2.0;0.11800000000000001;30.0;134.0;0.9968;3.24;0.66;9.4;5;1;0
6.0;0.28;0.24;17.8;0.047;42.0;111.0;0.9989600000000001;3.1;0.45;8.9;6;0;1
6.9;0.23;0.35;6.9;0.03;45.0;116.0;0.99244;2.8;0.54;11.0;6;0;1
8.0;0.62;0.35;2.8;0.086;28.0;52.0;0.997;3.31;0.62;10.8;5;1;0
8.8;0.34;0.33;9.7;0.036000000000000004;46.0;172.0;0.9966;3.08;0.4;10.2;5;0;1
9.1;0.785;0.0;2.6;0.09300000000000001;11.0;28.0;0.9994;3.36;0.86;9.4;6;1;0
7.0;0.45;0.34;19.8;0.04;12.0;67.0;0.9976;3.07;0.38;11.0;6;0;1
10.4;0.41;0.55;3.2;0.076;22.0;54.0;0.9996;3.15;0.89;9.9;6;1;0
7.2;0.2;0.34;2.7;0.032;49.0;151.0;0.99;3.16;0.39;12.7;7;0;1
5.9;0.29;0.32;1.4;0.022000000000000002;17.0;47.0;0.9899;3.35;0.35;11.5;6;0;1
7.3;0.21;0.21;1.6;0.046;35.0;133.0;0.99466;3.38;0.46;10.0;6;0;1
7.6;0.3;0.37;1.6;0.087;27.0;177.0;0.9943799999999999;3.09;0.5;9.8;5;0;1
7.1;0.84;0.02;4.4;0.096;5.0;13.0;0.997;3.41;0.57;11.0;4;1;0
6.4;0.25;0.74;7.8;0.045;52.0;209.0;0.9956;3.21;0.42;9.2;6;0;1
8.3;0.2;0.49;1.7;0.04;34.0;169.0;0.9938;3.05;0.37;10.1;5;0;1
7.4;0.49;0.24;15.1;0.03;34.0;153.0;0.9953;3.13;0.51;12.0;7;0;1
7.5;0.28;0.41;1.3;0.044000000000000004;11.0;126.0;0.99293;3.28;0.45;10.3;5;0;1
7.3;0.43;0.37;4.6;0.027999999999999997;17.0;114.0;0.991;3.23;0.43;13.2;6;0;1
7.5;0.38;0.57;2.3;0.106;5.0;12.0;0.99605;3.36;0.55;11.4;6;1;0
9.1;0.52;0.33;1.3;0.07;9.0;30.0;0.9978;3.24;0.6;9.3;5;1;0
10.5;0.51;0.64;2.4;0.107;6.0;15.0;0.9973;3.09;0.66;11.8;7;1;0
7.4;0.37;0.26;9.6;0.05;33.0;134.0;0.99608;3.13;0.46;10.4;5;0;1
5.8;0.21;0.32;1.6;0.045;38.0;95.0;0.98946;3.23;0.94;12.4;8;0;1
7.1;0.31;0.25;11.2;0.048;32.0;136.0;0.9966299999999999;3.14;0.4;9.5;5;0;1
6.9;0.49;0.24;1.2;0.049;13.0;125.0;0.9932;3.17;0.51;9.4;5;0;1
7.7;0.53;0.06;1.7;0.07400000000000001;9.0;39.0;0.99615;3.35;0.48;9.8;6;1;0
9.5;0.55;0.66;2.3;0.387;12.0;37.0;0.9982;3.17;0.67;9.6;5;1;0
6.7;0.41;0.27;2.6;0.033;25.0;85.0;0.9908600000000001;3.05;0.34;11.7;6;0;1
6.7;0.25;0.33;2.9;0.057;52.0;173.0;0.9934;3.02;0.48;9.5;7;0;1
6.6;0.23;0.32;0.9;0.040999999999999995;25.0;79.0;0.9926;3.39;0.54;10.2;7;0;1
6.1;0.24;0.27;11.5;0.05;51.0;133.0;0.9947600000000001;3.22;0.37;10.8;6;0;1
6.4;0.595;0.14;5.2;0.057999999999999996;15.0;97.0;0.9951;3.38;0.36;9.0;4;0;1
6.3;0.19;0.32;2.8;0.046;18.0;80.0;0.9904299999999999;2.92;0.47;11.05;6;0;1
6.4;0.29;0.18;15.0;0.04;21.0;116.0;0.99736;3.14;0.5;9.2;5;0;1
7.1;0.15;0.34;5.3;0.034;33.0;104.0;0.9953;3.37;0.52;9.3;7;0;1
5.9;0.29;0.25;13.4;0.067;72.0;160.0;0.99721;3.33;0.54;10.3;6;1;0
7.1;0.59;0.02;2.3;0.08199999999999999;24.0;94.0;0.99744;3.55;0.53;9.7;6;1;0
8.1;0.34;0.28;7.5;0.04;70.0;230.0;0.9955799999999999;3.14;0.55;9.8;6;0;1
11.4;0.36;0.69;2.1;0.09;6.0;21.0;1.0;3.17;0.62;9.2;6;1;0
6.9;0.25;0.35;9.2;0.034;42.0;150.0;0.9947;3.21;0.36;11.5;6;0;1
7.5;0.26;0.52;13.2;0.047;64.0;179.0;0.9982;3.1;0.46;9.0;5;0;1
5.0;0.55;0.14;8.3;0.032;35.0;164.0;0.9918;3.53;0.51;12.5;8;0;1
7.9;0.53;0.24;2.0;0.07200000000000001;15.0;105.0;0.996;3.27;0.54;9.4;6;1;0
6.4;0.22;0.38;9.1;0.044000000000000004;35.0;127.0;0.99326;2.97;0.3;11.0;7;0;1
6.9;0.5;0.04;1.5;0.085;19.0;49.0;0.9958;3.35;0.78;9.5;5;1;0
7.6;0.17;0.36;4.5;0.042;26.0;102.0;0.9942700000000001;3.09;0.47;9.5;5;0;1
8.9;0.38;0.4;2.2;0.068;12.0;28.0;0.9948600000000001;3.27;0.75;12.6;7;1;0
6.9;0.35;0.55;11.95;0.038;22.0;111.0;0.99687;3.11;0.29;9.7;5;0;1
10.3;0.59;0.42;2.8;0.09;35.0;73.0;0.9990000000000001;3.28;0.7;9.5;6;1;0
6.3;0.21;0.28;1.5;0.051;46.0;142.0;0.9928;3.23;0.42;10.1;6;0;1
11.5;0.59;0.59;2.6;0.087;13.0;49.0;0.9988;3.18;0.65;11.0;6;1;0
7.1;0.33;0.3;3.3;0.034;30.0;102.0;0.9912;3.08;0.31;12.3;7;0;1
9.9;0.59;0.07;3.4;0.102;32.0;71.0;100.015;3.31;0.71;9.8;5;1;0
6.9;0.23;0.34;4.0;0.047;24.0;128.0;0.9944;3.2;0.52;9.7;6;0;1
7.6;0.5;0.29;2.3;0.086;5.0;14.0;0.9950200000000001;3.32;0.62;11.5;6;1;0
7.4;0.27;0.48;1.1;0.047;17.0;132.0;0.9914;3.19;0.49;11.6;6;0;1
6.4;0.14;0.31;1.2;0.034;53.0;138.0;0.9908399999999999;3.38;0.35;11.5;7;0;1
6.5;0.32;0.23;1.2;0.054000000000000006;39.0;208.0;0.99272;3.18;0.46;9.9;6;0;1
7.4;0.23;0.25;1.4;0.049;43.0;141.0;0.9934;3.42;0.54;10.2;7;0;1
7.1;0.2;0.37;1.5;0.049;28.0;129.0;0.99226;3.15;0.52;10.8;5;0;1
5.8;0.28;0.66;9.1;0.039;26.0;159.0;0.9965;3.66;0.55;10.8;5;0;1
6.7;0.12;0.36;2.3;0.039;43.0;125.0;0.99229;3.07;0.67;10.1;7;0;1
6.3;0.3;0.48;1.8;0.069;18.0;61.0;0.9959;3.44;0.78;10.3;6;1;0
7.3;0.22;0.4;14.75;0.042;44.5;129.5;0.9998;3.36;0.41;9.1;7;0;1
7.3;0.23;0.34;9.3;0.052000000000000005;19.0;86.0;0.99574;3.04;0.56;10.0;5;0;1
8.0;0.58;0.16;2.0;0.12;3.0;7.0;0.99454;3.22;0.58;11.2;6;1;0
4.6;0.52;0.15;2.1;0.054000000000000006;8.0;65.0;0.9934;3.9;0.56;13.1;4;1;0
8.3;0.23;0.3;2.1;0.049;21.0;153.0;0.9953;3.09;0.5;9.6;6;0;1
5.9;0.34;0.31;2.0;0.03;38.0;142.0;0.98892;3.4;0.41;12.9;7;0;1
6.8;0.28;0.29;11.9;0.052000000000000005;51.0;149.0;0.99544;3.02;0.58;10.4;6;0;1
6.6;0.37;0.07;1.4;0.048;58.0;144.0;0.9922;3.17;0.38;10.0;5;0;1
6.7;0.34;0.31;16.4;0.051;20.0;146.0;0.99834;3.06;0.54;9.1;5;0;1
6.5;0.22;0.72;6.8;0.042;33.0;168.0;0.9958;3.12;0.36;9.2;6;0;1
7.2;0.24;0.34;1.1;0.045;3.0;64.0;0.9913;3.23;0.51;11.4;5;0;1
6.4;0.32;0.23;16.2;0.055;36.0;176.0;0.9986;3.26;0.54;9.1;5;0;1
7.4;0.155;0.34;2.3;0.045;73.5;214.0;0.9934;3.18;0.61;9.9;7;0;1
6.2;0.2;0.25;15.0;0.055;8.0;120.0;0.9976700000000001;3.19;0.53;9.6;6;0;1
6.4;0.32;0.26;7.9;0.05;53.0;180.0;0.9951399999999999;3.14;0.5;9.6;5;0;1
8.3;0.2;0.35;0.9;0.05;12.0;74.0;0.992;3.13;0.38;10.5;6;0;1
7.3;0.4;0.28;6.5;0.037000000000000005;26.0;97.0;0.9914799999999999;3.16;0.58;12.6;7;0;1
5.9;0.21;0.28;4.6;0.053;40.0;199.0;0.9964;3.72;0.7;10.0;4;0;1
7.1;0.2;0.31;7.4;0.053;32.0;211.0;0.99587;3.31;0.59;10.4;6;0;1
6.4;0.22;0.56;14.5;0.055;27.0;159.0;0.998;2.98;0.4;9.1;5;0;1
7.8;0.53;0.01;1.6;0.077;3.0;19.0;0.995;3.16;0.46;9.8;5;1;0
8.9;0.32;0.49;1.6;0.05;17.0;131.0;0.9956;3.13;0.34;9.4;5;0;1
7.5;0.51;0.02;1.7;0.084;13.0;31.0;0.9953799999999999;3.36;0.54;10.5;6;1;0
7.9;0.36;0.53;12.9;0.049;63.0;139.0;0.99792;2.94;0.45;9.1;5;0;1
9.0;0.48;0.32;2.8;0.084;21.0;122.0;0.9984;3.32;0.62;9.4;5;1;0
6.4;0.13;0.28;0.9;0.045;32.0;87.0;0.99175;3.47;0.52;11.2;6;0;1
9.2;0.14;0.37;1.1;0.034;36.0;84.0;0.99136;3.05;0.55;11.6;6;0;1
8.3;0.26;0.42;2.0;0.08;11.0;27.0;0.9974;3.21;0.8;9.4;6;1;0
6.1;0.25;0.28;10.0;0.055;56.0;131.0;0.9940000000000001;3.22;0.35;10.9;6;0;1
7.0;0.5;0.14;1.8;0.078;10.0;23.0;0.99636;3.53;0.61;10.4;5;1;0
5.9;0.655;0.0;5.6;0.033;8.0;31.0;0.9936;3.32;0.51;10.5;4;0;1
6.4;0.34;0.2;14.9;0.06;37.0;162.0;0.9983;3.13;0.45;9.0;4;0;1
5.8;0.19;0.33;4.2;0.038;49.0;133.0;0.9910700000000001;3.16;0.42;11.3;7;0;1
7.2;0.67;0.0;2.2;0.068;10.0;24.0;0.9956;3.42;0.72;11.1;6;1;0
6.6;0.37;0.24;2.0;0.064;23.0;120.0;0.9946;3.32;0.54;9.4;5;0;1
7.1;0.37;0.67;10.5;0.045;49.0;155.0;0.9975;3.16;0.44;8.7;5;0;1
7.6;0.3;0.42;2.0;0.052000000000000005;6.0;24.0;0.9963;3.44;0.82;11.9;6;1;0
6.2;0.33;0.27;4.9;0.036000000000000004;30.0;134.0;0.9927;3.2;0.42;10.4;7;0;1
6.4;0.31;0.5;5.8;0.038;42.0;111.0;0.9918899999999999;3.18;0.53;11.9;7;0;1
7.6;0.63;0.03;2.0;0.08;27.0;43.0;0.9957799999999999;3.44;0.64;10.9;6;1;0
7.4;0.4;0.41;14.1;0.053;37.0;194.0;0.9988600000000001;3.2;0.63;9.4;6;0;1
8.0;0.37;0.32;1.6;0.04;32.0;166.0;0.992;3.0;0.55;11.3;7;0;1
6.4;0.5;0.2;2.4;0.059000000000000004;19.0;112.0;0.9931399999999999;3.18;0.4;9.2;6;0;1
7.3;0.28;0.54;12.9;0.049;62.0;162.5;0.9984;3.06;0.45;9.1;6;0;1
7.1;0.64;0.49;1.8;0.05;17.0;128.0;0.9946;3.31;0.58;10.6;4;0;1
8.9;0.21;0.34;7.1;0.037000000000000005;33.0;150.0;0.9962;3.1;0.45;9.7;6;0;1
6.7;0.21;0.34;1.5;0.035;45.0;123.0;0.98949;3.24;0.36;12.6;7;0;1
8.6;0.49;0.28;1.9;0.11;20.0;136.0;0.9972;2.93;1.95;9.9;6;1;0
5.4;0.5;0.13;5.0;0.027999999999999997;12.0;107.0;0.99079;3.48;0.88;13.5;7;0;1
6.8;0.25;0.3;11.8;0.043;53.0;133.0;0.99524;3.03;0.58;10.4;6;0;1
8.6;0.315;0.4;2.2;0.079;3.0;6.0;0.9951200000000001;3.27;0.67;11.9;6;1;0
6.4;0.41;0.01;6.1;0.048;20.0;70.0;0.9936200000000001;3.19;0.42;10.0;5;0;1
9.0;0.31;0.48;6.6;0.043;11.0;73.0;0.9938;2.9;0.38;11.6;5;0;1
6.5;0.33;0.24;14.5;0.048;20.0;96.0;0.99456;3.06;0.3;11.5;8;0;1
4.5;0.19;0.21;0.95;0.033;89.0;159.0;0.9933200000000001;3.34;0.42;8.0;5;0;1
7.3;0.585;0.18;2.4;0.078;15.0;60.0;0.9963799999999999;3.31;0.54;9.8;5;1;0
6.7;0.54;0.28;5.4;0.06;21.0;105.0;0.9949;3.27;0.37;9.0;5;0;1
7.0;0.22;0.31;2.7;0.03;41.0;136.0;0.9898;3.16;0.37;12.7;7;0;1
8.0;0.715;0.22;2.3;0.075;13.0;81.0;0.9968799999999999;3.24;0.54;9.5;6;1;0
6.2;0.36;0.45;10.4;0.06;22.0;184.0;0.99711;3.31;0.56;9.8;6;0;1
5.9;0.34;0.3;3.8;0.035;57.0;135.0;0.99016;3.09;0.34;12.0;6;0;1
9.2;0.59;0.24;3.3;0.10099999999999999;20.0;47.0;0.9988;3.26;0.67;9.6;5;1;0
7.2;0.23;0.38;14.3;0.057999999999999996;55.0;194.0;0.9979;3.09;0.44;9.0;6;0;1
6.2;0.21;0.29;1.6;0.039;24.0;92.0;0.9911399999999999;3.27;0.5;11.2;6;0;1
7.3;0.32;0.48;13.3;0.06;57.0;196.0;0.9982;3.04;0.5;9.2;5;0;1
5.9;0.2;0.4;1.3;0.047;23.0;92.0;0.9923200000000001;3.2;0.45;10.0;6;0;1
6.3;0.26;0.25;7.8;0.057999999999999996;44.0;166.0;0.9961;3.24;0.41;9.0;5;0;1
6.5;0.44;0.47;5.45;0.013999999999999999;44.0;137.0;0.9898399999999999;3.13;0.32;13.0;8;0;1
7.4;0.19;0.31;14.5;0.045;39.0;193.0;0.9986;3.1;0.5;9.2;6;0;1
8.2;0.885;0.2;1.4;0.086;7.0;31.0;0.9946;3.11;0.46;10.0;5;1;0
6.4;0.17;0.27;9.9;0.047;26.0;101.0;0.9959600000000001;3.34;0.5;9.9;6;0;1
10.3;0.34;0.52;2.8;0.159;15.0;75.0;0.9998;3.18;0.64;9.4;5;1;0
6.2;0.3;0.21;1.1;0.032;31.0;111.0;0.9889;2.97;0.42;12.2;6;0;1
8.0;0.28;0.44;1.8;0.081;28.0;68.0;0.9950100000000001;3.36;0.66;11.2;5;1;0
6.2;0.56;0.09;1.7;0.053;24.0;32.0;0.9940200000000001;3.54;0.6;11.3;5;1;0
10.8;0.45;0.33;2.5;0.099;20.0;38.0;0.99818;3.24;0.71;10.8;5;1;0
6.7;0.75;0.01;2.4;0.078;17.0;32.0;0.9955;3.55;0.61;12.8;6;1;0
7.7;0.29;0.48;2.3;0.049;36.0;178.0;0.9931;3.17;0.64;10.6;6;0;1
7.7;0.34;0.58;11.1;0.039;41.0;151.0;0.9978;3.06;0.49;8.6;5;0;1
5.5;0.485;0.0;1.5;0.065;8.0;103.0;0.9940000000000001;3.63;0.4;9.7;4;0;1
8.8;0.6;0.29;2.2;0.098;5.0;15.0;0.9988;3.36;0.49;9.1;5;1;0
6.2;0.53;0.02;0.9;0.035;6.0;81.0;0.99234;3.24;0.35;9.5;4;0;1
15.6;0.645;0.49;4.2;0.095;10.0;23.0;100.315;2.92;0.74;11.1;5;1;0
6.6;0.19;0.28;1.1;0.044000000000000004;38.0;100.0;0.9904;3.22;0.69;11.2;6;0;1
7.3;0.24;0.39;17.95;0.057;45.0;149.0;0.9999;3.21;0.36;8.6;5;0;1
6.1;0.33;0.32;7.8;0.052000000000000005;52.0;183.0;0.9965700000000001;3.39;0.65;9.5;5;0;1
7.9;0.16;0.3;7.4;0.05;58.0;152.0;0.9961200000000001;3.12;0.37;9.5;6;0;1
6.8;0.19;0.33;4.9;0.047;42.0;130.0;0.9928299999999999;3.12;0.56;11.0;6;0;1
6.8;0.56;0.22;1.8;0.07400000000000001;15.0;24.0;0.9943799999999999;3.4;0.82;11.2;6;1;0
6.4;0.42;0.74;12.8;0.076;48.0;209.0;0.9978;3.12;0.58;9.0;6;0;1
15.5;0.645;0.49;4.2;0.095;10.0;23.0;100.315;2.92;0.74;11.1;5;1;0
9.1;0.3;0.41;2.0;0.068;10.0;24.0;0.99523;3.27;0.85;11.7;7;1;0
6.4;0.3;0.27;5.0;0.057999999999999996;27.0;151.0;0.99198;3.22;0.49;12.2;6;0;1
6.1;0.38;0.14;3.9;0.06;27.0;113.0;0.99344;3.07;0.34;9.2;4;0;1
7.8;0.61;0.29;1.6;0.114;9.0;29.0;0.9974;3.26;1.56;9.1;5;1;0
6.1;0.17;0.28;4.5;0.033;46.0;150.0;0.9933;3.43;0.49;10.9;6;0;1
7.4;0.18;0.31;1.4;0.057999999999999996;38.0;167.0;0.9931;3.16;0.53;10.0;7;0;1
7.0;0.78;0.08;2.0;0.09300000000000001;10.0;19.0;0.9956;3.4;0.47;10.0;5;1;0
7.6;0.19;0.38;10.6;0.06;48.0;174.0;0.9962;3.13;0.38;10.5;6;0;1
8.0;0.61;0.38;12.1;0.301;24.0;220.0;0.9993;2.94;0.48;9.2;5;0;1
5.2;0.21;0.31;1.7;0.048;17.0;61.0;0.9895299999999999;3.24;0.37;12.0;7;0;1
8.1;0.31;0.24;1.6;0.032;10.0;67.0;0.9924;3.08;0.47;10.5;5;0;1
7.3;0.22;0.31;2.3;0.018000000000000002;45.0;80.0;0.98936;3.06;0.34;12.9;7;0;1
8.8;0.55;0.04;2.2;0.11900000000000001;14.0;56.0;0.9962;3.21;0.6;10.9;6;1;0
7.0;0.31;0.31;9.1;0.036000000000000004;45.0;140.0;0.99216;2.98;0.31;12.0;7;0;1
7.3;0.26;0.32;1.2;0.040999999999999995;29.0;94.0;0.9897799999999999;3.07;0.45;12.0;6;0;1
7.9;0.28;0.41;4.9;0.057999999999999996;31.0;153.0;0.9966;3.27;0.51;9.7;6;0;1
7.4;0.27;0.26;11.8;0.053;55.0;173.0;0.9969899999999999;3.11;0.6;9.8;5;0;1
8.9;0.635;0.37;1.7;0.263;5.0;62.0;0.9971;3.0;1.09;9.3;5;1;0
7.7;0.26;0.51;2.6;0.045;26.0;159.0;0.99126;3.0;0.5;11.2;6;0;1
6.2;0.32;0.12;4.8;0.054000000000000006;6.0;97.0;0.99424;3.16;0.5;9.3;5;0;1
7.0;0.24;0.35;1.5;0.052000000000000005;51.0;128.0;0.9941;3.41;0.59;10.4;7;0;1
6.6;0.36;0.24;0.9;0.038;15.0;72.0;0.99066;3.23;0.39;11.0;5;0;1
6.1;0.36;0.58;15.0;0.044000000000000004;42.0;115.0;0.9978;3.15;0.51;9.0;5;0;1
5.5;0.21;0.25;1.2;0.04;18.0;75.0;0.99006;3.31;0.56;11.3;6;0;1
6.7;0.2;0.41;9.1;0.044000000000000004;50.0;166.0;0.9954;3.14;0.58;9.8;6;0;1
7.0;0.6;0.12;2.2;0.083;13.0;28.0;0.9966;3.52;0.62;10.2;7;1;0
6.9;0.45;0.27;4.7;0.035;17.0;80.0;0.9905799999999999;3.12;0.36;12.5;7;0;1
7.6;0.13;0.34;9.3;0.062;40.0;126.0;0.9966;3.21;0.39;9.6;5;0;1
7.5;0.18;0.31;11.7;0.051;24.0;94.0;0.997;3.19;0.44;9.5;7;0;1
5.8;0.3;0.38;4.9;0.039;22.0;86.0;0.9896299999999999;3.23;0.58;13.1;7;0;1
6.0;0.28;0.52;5.0;0.078;30.0;139.0;0.9949399999999999;3.1;0.36;9.0;6;0;1
6.7;0.3;0.45;10.6;0.032;56.0;212.0;0.997;3.22;0.59;9.5;6;0;1
8.2;0.27;0.43;1.6;0.035;31.0;128.0;0.9916;3.1;0.5;12.3;6;0;1
7.2;0.32;0.4;8.7;0.038;45.0;154.0;0.9956799999999999;3.2;0.47;10.4;6;0;1
6.9;0.25;0.29;2.4;0.038;28.0;76.0;0.9908799999999999;3.01;0.36;11.7;7;0;1
7.0;0.26;0.26;10.8;0.039;37.0;184.0;0.99787;3.47;0.58;10.3;7;0;1
6.5;0.23;0.33;13.8;0.042;25.0;139.0;0.99695;3.35;0.56;10.4;6;0;1
8.3;0.15;0.39;1.3;0.055;32.0;146.0;0.993;3.08;0.39;10.5;6;0;1
8.1;0.43;0.42;6.6;0.033;36.0;141.0;0.9918;2.98;0.39;13.3;7;0;1
9.1;0.5;0.3;1.9;0.065;8.0;17.0;0.99774;3.32;0.71;10.5;6;1;0
6.5;0.3;0.29;2.25;0.037000000000000005;8.0;210.0;0.9937;3.19;0.62;9.9;5;0;1
7.9;0.18;0.49;5.2;0.051;36.0;157.0;0.9953;3.18;0.48;10.6;6;0;1
7.0;0.58;0.12;1.9;0.091;34.0;124.0;0.9956;3.44;0.48;10.5;5;1;0
6.9;0.4;0.24;2.5;0.083;30.0;45.0;0.9959;3.26;0.58;10.0;5;1;0
6.6;0.22;0.23;17.3;0.047;37.0;118.0;0.9990600000000001;3.08;0.46;8.8;6;0;1
6.7;0.17;0.5;2.1;0.043;27.0;122.0;0.9923;3.15;0.45;10.3;6;0;1
7.0;0.32;0.27;7.1;0.027000000000000003;37.0;122.0;0.99165;3.15;0.6;12.6;7;0;1
8.2;0.73;0.21;1.7;0.07400000000000001;5.0;13.0;0.9968;3.2;0.52;9.5;5;1;0
6.0;0.38;0.26;3.5;0.035;38.0;111.0;0.98872;3.18;0.47;13.6;7;0;1
7.3;0.34;0.39;5.2;0.04;45.0;163.0;0.9925;3.3;0.47;12.4;6;0;1
8.5;0.25;0.27;4.7;0.031;31.0;92.0;0.9922;3.01;0.33;12.0;6;0;1
6.4;0.33;0.28;4.0;0.04;24.0;81.0;0.9903;3.26;0.64;12.6;7;0;1
5.8;0.27;0.26;3.5;0.071;26.0;69.0;0.9899399999999999;3.1;0.38;11.5;6;0;1
7.6;0.52;0.49;14.0;0.034;37.0;156.0;0.9958;3.14;0.38;11.8;7;0;1
7.1;0.36;0.4;1.95;0.033;26.0;118.0;0.98934;3.2;0.45;13.5;7;0;1
6.8;0.53;0.35;3.8;0.034;26.0;109.0;0.9906;3.26;0.57;12.7;8;0;1
7.2;0.23;0.19;13.7;0.052000000000000005;47.0;197.0;0.99865;3.12;0.53;9.0;5;0;1
6.8;0.18;0.3;12.8;0.062;19.0;171.0;0.99808;3.0;0.52;9.0;7;0;1
8.1;0.38;0.28;2.1;0.066;13.0;30.0;0.9968;3.23;0.73;9.7;7;1;0
4.4;0.54;0.09;5.1;0.038;52.0;97.0;0.9902200000000001;3.41;0.4;12.2;7;0;1
12.0;0.63;0.5;1.4;0.071;6.0;26.0;0.9979100000000001;3.07;0.6;10.4;4;1;0
7.6;0.345;0.26;1.9;0.043;15.0;134.0;0.9936;3.08;0.38;9.5;5;0;1
7.1;0.38;0.29;13.6;0.040999999999999995;30.0;137.0;0.99461;3.02;0.96;12.1;6;0;1
5.9;0.28;0.34;3.6;0.04;50.0;194.0;0.9912;3.31;0.52;11.6;6;0;1
7.0;0.15;0.28;14.7;0.051;29.0;149.0;0.99792;2.96;0.39;9.0;7;0;1
6.0;0.32;0.3;1.3;0.025;18.0;112.0;0.9880200000000001;3.07;0.64;13.3;7;0;1
6.8;0.23;0.4;1.6;0.047;5.0;133.0;0.993;3.23;0.7;11.4;6;0;1
7.2;0.26;0.24;7.0;0.023;19.0;130.0;0.9917600000000001;3.14;0.49;12.8;7;0;1
6.7;0.58;0.08;1.8;0.09699999999999999;15.0;65.0;0.9959;3.28;0.54;9.2;5;1;0
8.2;0.28;0.4;2.4;0.052000000000000005;4.0;10.0;0.99356;3.33;0.7;12.8;7;1;0
10.0;0.29;0.4;2.9;0.098;10.0;26.0;10.006;3.48;0.91;9.7;5;1;0
6.7;0.26;0.39;1.1;0.04;45.0;147.0;0.9935;3.32;0.58;9.6;8;0;1
9.6;0.6;0.5;2.3;0.079;28.0;71.0;0.9997;3.5;0.57;9.7;5;1;0
12.2;0.45;0.49;1.4;0.075;3.0;6.0;0.9969;3.13;0.63;10.4;5;1;0
8.6;0.53;0.22;2.0;0.1;7.0;27.0;0.9967;3.2;0.56;10.2;6;1;0
6.5;0.22;0.45;8.0;0.053;52.0;196.0;0.9959;3.23;0.48;9.1;6;0;1
6.8;0.18;0.3;12.8;0.062;19.0;171.0;0.99808;3.0;0.52;9.0;7;0;1
5.8;0.31;0.31;7.5;0.052000000000000005;55.0;230.0;0.9949;3.19;0.46;9.8;5;0;1
5.6;0.605;0.05;2.4;0.073;19.0;25.0;0.9925799999999999;3.56;0.55;12.9;5;1;0
7.1;0.46;0.14;2.8;0.076;15.0;37.0;0.99624;3.36;0.49;10.7;5;1;0
7.4;0.55;0.22;2.2;0.106;12.0;72.0;0.9959;3.05;0.63;9.2;5;1;0
6.6;0.22;0.28;4.9;0.042;51.0;180.0;0.9952;3.3;0.75;9.5;6;0;1
8.6;0.52;0.38;1.5;0.096;5.0;18.0;0.99666;3.2;0.52;9.4;5;1;0
6.6;0.19;0.43;10.9;0.045;53.0;154.0;0.9975200000000001;3.52;0.77;10.4;6;0;1
10.7;0.22;0.56;8.2;0.044000000000000004;37.0;181.0;0.998;2.87;0.68;9.5;6;0;1
6.0;0.26;0.32;3.8;0.028999999999999998;48.0;180.0;0.99011;3.15;0.34;12.0;6;0;1
11.1;0.18;0.48;1.5;0.068;7.0;15.0;0.9973;3.22;0.64;10.1;6;1;0
7.3;0.27;0.3;1.3;0.04;26.0;84.0;0.9922200000000001;3.28;0.53;10.7;6;0;1
5.7;0.43;0.3;5.7;0.039;24.0;98.0;0.992;3.54;0.61;12.3;7;0;1
5.3;0.31;0.38;10.5;0.031;53.0;140.0;0.99321;3.34;0.46;11.7;6;0;1
6.7;0.12;0.3;5.2;0.048;38.0;113.0;0.9935200000000001;3.33;0.44;10.1;7;0;1
6.9;0.28;0.41;1.7;0.05;10.0;136.0;0.993;3.16;0.71;11.4;6;0;1
7.6;0.23;0.29;8.6;0.053;65.0;146.0;0.9963;3.11;0.32;9.8;6;0;1
7.2;0.27;0.27;2.4;0.048;30.0;149.0;0.9936;3.1;0.51;9.2;6;0;1
5.6;0.18;0.29;2.3;0.04;5.0;47.0;0.99126;3.07;0.45;10.1;4;0;1
6.0;0.39;0.17;12.0;0.046;65.0;246.0;0.9976;3.15;0.38;9.0;6;0;1
7.3;0.73;0.24;1.9;0.10800000000000001;18.0;102.0;0.9967;3.26;0.59;9.3;5;1;0
5.4;0.23;0.36;1.5;0.03;74.0;121.0;0.9897600000000001;3.24;0.99;12.1;7;0;1
4.7;0.67;0.09;1.0;0.02;5.0;9.0;0.9872200000000001;3.3;0.34;13.6;5;0;1
6.8;0.18;0.28;9.8;0.039;29.0;113.0;0.99406;3.11;0.45;10.9;7;0;1
7.2;0.19;0.27;11.2;0.061;46.0;149.0;0.99772;2.99;0.59;9.3;6;0;1
7.4;0.6;0.26;7.3;0.07;36.0;121.0;0.9982;3.37;0.49;9.4;5;1;0
6.0;0.18;0.31;1.4;0.036000000000000004;14.0;75.0;0.99085;3.34;0.58;11.1;8;0;1
8.2;1.33;0.0;1.7;0.081;3.0;12.0;0.9964;3.53;0.49;10.9;5;1;0
8.3;0.18;0.3;1.1;0.033;20.0;57.0;0.9910899999999999;3.02;0.51;11.0;6;0;1
7.3;0.25;0.29;7.5;0.049;38.0;158.0;0.9965;3.43;0.38;9.6;5;0;1
6.8;0.26;0.22;4.8;0.040999999999999995;110.0;198.0;0.9943700000000001;3.29;0.67;10.6;5;0;1
7.1;0.18;0.74;15.6;0.044000000000000004;44.0;176.0;0.9996;3.38;0.67;9.0;6;0;1
7.0;0.45;0.34;19.8;0.04;12.0;67.0;0.9976;3.07;0.38;11.0;6;0;1
6.8;0.27;0.37;8.2;0.055;52.0;192.0;0.9958600000000001;3.11;0.52;9.5;6;0;1
6.0;0.59;0.0;0.8;0.037000000000000005;30.0;95.0;0.9903200000000001;3.1;0.4;10.9;4;0;1
7.0;0.32;0.35;1.5;0.039;24.0;125.0;0.9918;3.17;0.64;12.2;6;0;1
5.8;0.4;0.42;4.4;0.047;38.5;245.0;0.9937;3.25;0.57;9.6;6;0;1
6.7;0.19;0.36;1.1;0.026000000000000002;63.0;143.0;0.9912;3.27;0.48;11.0;6;0;1
6.0;0.31;0.27;2.3;0.042;19.0;120.0;0.9895200000000001;3.32;0.41;12.7;7;0;1
6.7;0.675;0.07;2.4;0.08900000000000001;17.0;82.0;0.9958;3.35;0.54;10.1;5;1;0
7.1;0.36;0.2;1.6;0.271;24.0;140.0;0.99356;3.11;0.63;9.8;5;0;1
6.7;0.46;0.24;1.7;0.077;18.0;34.0;0.9948;3.39;0.6;10.6;6;1;0
10.4;0.52;0.45;2.0;0.08;6.0;13.0;0.99774;3.22;0.76;11.4;6;1;0
6.4;0.21;0.44;7.4;0.045;47.0;182.0;0.9957;3.24;0.46;9.1;5;0;1
5.6;0.15;0.26;5.55;0.051;51.0;139.0;0.99336;3.47;0.5;11.0;6;0;1
12.6;0.39;0.49;2.5;0.08;8.0;20.0;0.9992;3.07;0.82;10.3;6;1;0
9.9;0.54;0.45;2.3;0.071;16.0;40.0;0.9991;3.39;0.62;9.4;5;1;0
6.9;0.33;0.31;4.2;0.04;21.0;93.0;0.9896;3.18;0.48;13.4;7;0;1
8.2;0.4;0.44;2.8;0.08900000000000001;11.0;43.0;0.9975;3.53;0.61;10.5;6;1;0
8.2;0.42;0.29;4.1;0.03;31.0;100.0;0.9911;3.0;0.32;12.8;7;0;1
6.3;0.32;0.26;12.0;0.049;63.0;170.0;0.9961;3.14;0.55;9.9;6;0;1
7.2;0.55;0.09;1.5;0.10800000000000001;16.0;151.0;0.9938;3.07;0.57;9.2;4;0;1
6.1;0.24;0.25;1.6;0.044000000000000004;24.0;115.0;0.9921;3.39;0.59;10.9;6;0;1
5.7;0.22;0.2;16.0;0.044000000000000004;41.0;113.0;0.9986200000000001;3.22;0.46;8.9;6;0;1
5.7;0.22;0.2;16.0;0.044000000000000004;41.0;113.0;0.9986200000000001;3.22;0.46;8.9;6;0;1
6.5;0.26;0.5;8.0;0.051;46.0;197.0;0.99536;3.18;0.47;9.5;5;0;1
6.3;0.23;0.33;6.9;0.052000000000000005;23.0;118.0;0.9938;3.23;0.46;10.4;6;0;1
7.5;0.14;0.34;1.3;0.055;50.0;153.0;0.9945;3.29;0.8;9.6;6;0;1
8.4;0.31;0.31;0.95;0.021;52.0;148.0;0.9903799999999999;2.93;0.32;11.5;5;0;1
6.2;0.35;0.2;18.1;0.069;33.0;158.0;0.99908;3.15;0.5;8.8;6;0;1
6.7;0.25;0.13;1.2;0.040999999999999995;81.0;174.0;0.992;3.14;0.42;9.8;5;0;1
6.1;0.4;0.18;9.0;0.051;28.5;259.0;0.9964;3.19;0.5;8.8;5;0;1
7.5;0.305;0.4;18.9;0.059000000000000004;44.0;170.0;1.0;2.99;0.46;9.0;5;0;1
9.8;0.36;0.45;1.6;0.042;11.0;124.0;0.9944;2.93;0.46;10.8;5;0;1
6.7;0.26;0.39;6.4;0.171;64.0;200.0;0.9956200000000001;3.19;0.38;9.4;6;0;1
7.0;0.53;0.43;6.1;0.028999999999999998;6.0;76.0;0.99118;3.08;0.5;12.5;8;0;1
5.6;0.28;0.28;4.2;0.044000000000000004;52.0;158.0;0.992;3.35;0.44;10.7;7;0;1
5.8;1.01;0.66;2.0;0.039;15.0;88.0;0.9935700000000001;3.66;0.6;11.5;6;1;0
11.3;0.37;0.41;2.3;0.08800000000000001;6.0;16.0;0.9988;3.09;0.8;9.3;5;1;0
7.7;0.34;0.28;11.0;0.04;31.0;117.0;0.99815;3.27;0.29;9.2;6;0;1
5.3;0.3;0.16;4.2;0.028999999999999998;37.0;100.0;0.9905;3.3;0.36;11.8;8;0;1
10.4;0.52;0.45;2.0;0.08;6.0;13.0;0.99774;3.22;0.76;11.4;6;1;0
5.9;0.44;0.0;1.6;0.042;3.0;11.0;0.9944;3.48;0.85;11.7;6;1;0
6.0;0.34;0.66;15.9;0.046;26.0;164.0;0.9979;3.14;0.5;8.8;6;0;1
5.8;0.22;0.29;0.9;0.034;34.0;89.0;0.98936;3.14;0.36;11.1;7;0;1
6.7;0.2;0.24;6.5;0.044000000000000004;28.0;100.0;0.9934799999999999;3.12;0.33;10.2;6;0;1
6.0;0.14;0.17;5.6;0.036000000000000004;37.0;127.0;0.9937299999999999;3.05;0.57;9.8;6;0;1
6.4;0.27;0.19;2.0;0.084;21.0;191.0;0.99516;3.49;0.63;9.6;4;0;1
7.0;0.22;0.26;1.1;0.037000000000000005;20.0;71.0;0.9902;3.1;0.38;11.7;6;0;1
7.1;0.43;0.42;5.5;0.07;29.0;129.0;0.9973;3.42;0.72;10.5;5;1;0
6.4;0.25;0.32;5.5;0.049;41.0;176.0;0.995;3.19;0.68;9.2;6;0;1
7.1;0.38;0.42;11.8;0.040999999999999995;32.0;193.0;0.99624;3.04;0.49;10.0;6;0;1
6.8;0.37;0.28;4.0;0.03;29.0;79.0;0.99;3.23;0.46;12.4;7;0;1
7.0;0.45;0.34;2.7;0.08199999999999999;16.0;72.0;0.998;3.55;0.6;9.5;5;1;0
6.1;0.17;0.27;1.5;0.055999999999999994;45.0;135.0;0.9924;3.2;0.43;10.2;6;0;1
9.2;0.25;0.34;1.2;0.026000000000000002;31.0;93.0;0.9916;2.93;0.37;11.3;7;0;1
8.3;0.19;0.49;1.2;0.051;11.0;137.0;0.9918;3.06;0.46;11.0;6;0;1
6.1;0.33;0.32;7.8;0.052000000000000005;52.0;183.0;0.9965700000000001;3.39;0.65;9.5;5;0;1
6.8;0.32;0.3;3.3;0.028999999999999998;15.0;80.0;0.99061;3.33;0.63;12.6;7;0;1
8.3;0.41;0.51;2.0;0.046;11.0;207.0;0.993;3.02;0.55;11.4;5;0;1
7.9;0.44;0.37;5.85;0.033;27.0;93.0;0.992;3.16;0.54;12.6;7;0;1
7.0;0.35;0.31;1.8;0.069;15.0;162.0;0.9944;3.18;0.47;9.4;5;0;1
5.8;0.36;0.5;1.0;0.127;63.0;178.0;0.9921200000000001;3.1;0.45;9.7;5;0;1
6.7;0.24;0.33;12.3;0.046;31.0;145.0;0.9983;3.36;0.4;9.5;5;0;1
6.2;0.785;0.0;2.1;0.06;6.0;13.0;0.99664;3.59;0.61;10.0;4;1;0
7.4;0.25;0.37;2.6;0.05;24.0;132.0;0.9913799999999999;3.04;0.53;11.2;6;0;1
7.9;0.51;0.25;2.9;0.077;21.0;45.0;0.9974;3.49;0.96;12.1;6;1;0
7.2;0.695;0.13;2.0;0.076;12.0;20.0;0.99546;3.29;0.54;10.1;5;1;0
6.3;0.27;0.46;11.75;0.037000000000000005;61.0;212.0;0.9971;3.25;0.53;9.5;6;0;1
7.4;0.2;0.35;6.1;0.025;10.0;40.0;0.99244;2.79;0.52;10.9;5;0;1
6.6;0.35;0.35;6.0;0.063;31.0;150.0;0.9953700000000001;3.1;0.47;9.4;6;0;1
7.0;0.35;0.3;6.5;0.027999999999999997;27.0;87.0;0.9936;3.4;0.42;11.4;7;0;1
6.5;0.315;0.2;6.6;0.040999999999999995;9.0;126.0;0.9949399999999999;2.94;0.51;8.8;5;0;1
7.6;0.19;0.32;18.75;0.047;32.0;193.0;100.014;3.1;0.5;9.3;7;0;1
7.9;0.14;0.45;1.8;0.05;17.0;114.0;0.9948;3.33;0.49;10.7;7;0;1
5.8;0.29;0.33;3.7;0.028999999999999998;30.0;88.0;0.9899399999999999;3.25;0.42;12.3;6;0;1
8.0;0.59;0.16;1.8;0.065;3.0;16.0;0.9962;3.42;0.92;10.5;7;1;0
7.5;0.51;0.02;1.7;0.084;13.0;31.0;0.9953799999999999;3.36;0.54;10.5;6;1;0
6.5;0.18;0.26;1.4;0.040999999999999995;40.0;141.0;0.9941;3.34;0.72;9.5;6;0;1
5.8;0.32;0.23;1.5;0.033;39.0;121.0;0.9887;2.96;0.35;12.0;5;0;1
6.7;0.16;0.28;2.5;0.046;40.0;153.0;0.9921;3.38;0.51;11.4;7;0;1
6.3;0.28;0.22;9.5;0.04;30.0;111.0;0.9933799999999999;3.05;0.31;10.8;4;0;1
8.6;0.33;0.4;2.6;0.083;16.0;68.0;0.99782;3.3;0.48;9.4;5;1;0
7.8;0.3;0.37;1.3;0.051;16.0;96.0;0.9941;3.32;0.62;10.0;5;0;1
8.6;0.18;0.36;1.8;0.04;24.0;187.0;0.9956;3.25;0.55;9.5;6;0;1
7.4;0.49;0.24;15.1;0.03;34.0;153.0;0.9953;3.13;0.51;12.0;7;0;1
6.1;0.28;0.25;17.75;0.044000000000000004;48.0;161.0;0.9993;3.34;0.48;9.5;5;0;1
12.5;0.56;0.49;2.4;0.064;5.0;27.0;0.9999;3.08;0.87;10.9;5;1;0
6.1;0.22;0.31;1.4;0.039;40.0;129.0;0.99193;3.45;0.59;10.9;5;0;1
9.5;0.46;0.24;2.7;0.092;14.0;44.0;0.998;3.12;0.74;10.0;6;1;0
7.5;0.22;0.33;6.7;0.036000000000000004;45.0;138.0;0.9939;3.2;0.68;11.4;6;0;1
9.1;0.28;0.49;2.0;0.059000000000000004;10.0;112.0;0.9958;3.15;0.46;10.1;5;0;1
6.8;0.18;0.28;8.5;0.047;52.0;242.0;0.9952;3.22;0.53;10.5;6;0;1
6.3;0.19;0.29;2.0;0.022000000000000002;33.0;96.0;0.9890200000000001;3.04;0.54;12.8;7;0;1
8.4;0.635;0.36;2.0;0.08900000000000001;15.0;55.0;0.99745;3.31;0.57;10.4;4;1;0
6.4;0.22;0.32;12.0;0.066;57.0;158.0;0.9992;3.6;0.43;9.0;6;0;1
6.1;0.3;0.47;1.4;0.049;50.0;187.0;0.9927;3.19;0.45;9.5;5;0;1
5.0;0.27;0.4;1.2;0.076;42.0;124.0;0.9920399999999999;3.32;0.47;10.1;6;0;1
9.8;0.44;0.4;2.8;0.036000000000000004;35.0;167.0;0.9956;2.97;0.39;9.2;5;0;1
6.3;0.27;0.29;12.2;0.044000000000000004;59.0;196.0;0.99782;3.14;0.4;8.8;6;0;1
6.2;0.25;0.25;1.4;0.03;35.0;105.0;0.9912;3.3;0.44;11.1;7;0;1
6.3;0.29;0.29;3.3;0.037000000000000005;32.0;140.0;0.9895;3.17;0.36;12.8;7;0;1
6.9;1.09;0.06;2.1;0.061;12.0;31.0;0.9948;3.51;0.43;11.4;4;1;0
6.1;0.22;0.23;3.1;0.052000000000000005;15.0;104.0;0.9948;3.14;0.42;8.7;5;0;1
10.1;0.37;0.34;2.4;0.085;5.0;17.0;0.9968299999999999;3.17;0.65;10.6;7;1;0
7.0;0.44;0.24;12.1;0.055999999999999994;68.0;210.0;0.99718;3.05;0.5;9.5;5;0;1
6.7;0.31;0.33;2.0;0.033;12.0;74.0;0.99064;3.29;0.65;12.5;6;0;1
8.1;0.5;0.47;1.1;0.037000000000000005;23.0;126.0;0.9938;3.21;0.42;10.9;5;0;1
9.5;0.56;0.33;2.4;0.08900000000000001;35.0;67.0;0.9972;3.28;0.73;11.8;7;1;0
5.6;0.18;0.3;10.2;0.027999999999999997;28.0;131.0;0.9954;3.49;0.42;10.8;7;0;1
7.0;0.15;0.3;13.3;0.049;46.0;120.0;0.9970399999999999;3.2;0.36;9.5;7;0;1
6.1;0.22;0.28;16.55;0.059000000000000004;54.0;135.0;0.99665;3.2;0.38;10.5;5;0;1
7.7;0.39;0.3;5.2;0.037000000000000005;29.0;131.0;0.9943;3.38;0.44;11.0;6;0;1
7.8;0.3;0.29;16.85;0.054000000000000006;23.0;135.0;0.9998;3.16;0.38;9.0;6;0;1
7.4;0.35;0.31;17.95;0.062;42.0;187.0;10.002;3.27;0.64;9.1;5;0;1
11.5;0.31;0.51;2.2;0.079;14.0;28.0;0.9982;3.03;0.93;9.8;6;1;0
7.4;0.22;0.26;8.8;0.027000000000000003;23.0;112.0;0.9931;2.98;0.41;11.4;6;0;1
6.3;0.34;0.27;2.5;0.024;40.0;152.0;0.99095;3.35;0.6;11.9;7;0;1
6.8;0.26;0.24;7.8;0.052000000000000005;54.0;214.0;0.9961;3.13;0.47;8.9;5;0;1
9.9;0.49;0.23;2.4;0.087;19.0;115.0;0.9948;2.77;0.44;9.4;6;0;1
6.3;0.27;0.18;7.7;0.048;45.0;186.0;0.9962;3.23;0.47;9.0;5;0;1
7.5;0.71;0.0;1.6;0.092;22.0;31.0;0.99635;3.38;0.58;10.0;6;1;0
7.5;0.19;0.49;1.6;0.047;42.0;140.0;0.9932;3.4;0.47;10.7;6;0;1
6.7;0.23;0.31;2.1;0.046;30.0;96.0;0.9926;3.33;0.64;10.7;8;0;1
6.7;0.44;0.22;4.3;0.032;19.0;99.0;0.99015;3.26;0.53;12.8;7;0;1
8.7;0.24;0.35;0.6;0.042;11.0;71.0;0.9926;3.08;0.38;10.6;5;0;1
6.7;0.13;0.32;3.7;0.017;32.0;99.0;0.9934799999999999;3.12;0.44;10.0;6;0;1
7.2;0.27;0.28;15.2;0.046;6.0;41.0;0.99665;3.17;0.39;10.9;6;0;1
7.3;0.36;0.62;7.1;0.033;48.0;185.0;0.99472;3.14;0.62;10.6;6;0;1
6.3;0.22;0.34;1.2;0.036000000000000004;32.0;96.0;0.98961;3.06;0.74;11.6;6;0;1
7.4;0.18;0.36;13.1;0.055999999999999994;72.0;163.0;1.0;3.42;0.35;9.1;6;0;1
6.0;0.17;0.29;9.7;0.044000000000000004;33.0;98.0;0.99536;3.12;0.36;9.2;6;0;1
6.0;0.33;0.27;0.8;0.185;12.0;188.0;0.9924;3.12;0.62;9.4;5;0;1
7.4;0.74;0.07;1.7;0.086;15.0;48.0;0.9950200000000001;3.12;0.48;10.0;5;1;0
7.6;0.27;0.34;5.0;0.04;18.0;56.0;0.9908399999999999;3.06;0.48;12.4;6;0;1
6.4;0.15;0.4;1.3;0.053;61.0;146.0;0.9911200000000001;3.17;0.68;11.0;6;0;1
6.7;0.67;0.02;1.9;0.061;26.0;42.0;0.9948899999999999;3.39;0.82;10.9;6;1;0
6.6;0.35;0.26;2.7;0.045;19.0;129.0;0.9895200000000001;3.24;0.48;13.0;7;0;1
8.3;0.705;0.12;2.6;0.092;12.0;28.0;0.9994;3.51;0.72;10.0;5;1;0
7.4;0.3;0.22;5.25;0.053;33.0;180.0;0.9926;3.13;0.45;11.6;6;0;1
7.2;0.25;0.32;1.5;0.047;27.0;132.0;0.9933;3.26;0.44;10.5;5;0;1
6.5;0.18;0.41;14.2;0.039;47.0;129.0;0.9967799999999999;3.28;0.72;10.3;7;0;1
6.3;0.28;0.47;11.2;0.04;61.0;183.0;0.99592;3.12;0.51;9.5;6;0;1
7.4;0.635;0.1;2.4;0.08;16.0;33.0;0.99736;3.58;0.69;10.8;7;1;0
9.4;0.685;0.11;2.7;0.077;6.0;31.0;0.9984;3.19;0.7;10.1;6;1;0
6.3;0.28;0.3;3.1;0.039;24.0;115.0;0.9942;3.05;0.43;8.6;5;0;1
8.1;0.12;0.49;1.2;0.042;43.0;160.0;0.9934;3.13;0.48;9.7;6;0;1
9.9;0.74;0.19;5.8;0.111;33.0;76.0;0.9987799999999999;3.14;0.55;9.4;5;1;0
7.8;0.55;0.0;1.7;0.07;7.0;17.0;0.99659;3.26;0.64;9.4;6;1;0
6.9;0.32;0.13;7.8;0.042;11.0;117.0;0.996;3.23;0.37;9.2;5;0;1
10.0;0.69;0.11;1.4;0.084;8.0;24.0;0.9957799999999999;2.88;0.47;9.7;5;1;0
7.5;0.42;0.2;1.4;0.06;15.0;168.0;0.9944;3.06;0.4;9.4;6;0;1
8.9;0.13;0.49;1.0;0.027999999999999997;6.0;24.0;0.9926;2.91;0.32;9.9;5;0;1
6.0;0.32;0.3;7.3;0.174;46.0;159.0;0.99519;3.18;0.49;9.4;5;0;1
7.4;0.44;0.2;11.5;0.049;44.0;157.0;0.998;3.27;0.44;9.0;5;0;1
6.4;0.24;0.25;20.2;0.083;35.0;157.0;0.99976;3.17;0.5;9.1;5;0;1
6.9;0.25;0.24;3.6;0.057;13.0;85.0;0.9942;2.99;0.48;9.5;4;0;1
6.7;0.24;0.41;9.4;0.04;49.0;166.0;0.9954;3.12;0.61;9.9;6;0;1
6.4;0.33;0.44;8.9;0.055;52.0;164.0;0.9948799999999999;3.1;0.48;9.6;5;0;1
5.3;0.16;0.39;1.0;0.027999999999999997;40.0;101.0;0.99156;3.57;0.59;10.6;6;0;1
7.7;0.32;0.61;11.8;0.040999999999999995;66.0;188.0;0.9979399999999999;3.0;0.54;9.3;5;0;1
7.3;0.24;0.34;7.5;0.048;29.0;152.0;0.9962;3.1;0.54;9.0;5;0;1
5.6;0.19;0.39;1.1;0.043;17.0;67.0;0.9918;3.23;0.53;10.3;6;0;1
6.0;0.16;0.22;1.6;0.042;36.0;106.0;0.9905;3.24;0.32;11.4;6;0;1
7.6;0.29;0.26;6.5;0.042;32.0;160.0;0.9944;3.14;0.47;10.7;5;0;1
6.7;0.3;0.5;12.1;0.045;38.0;127.0;0.9974;3.04;0.53;8.9;6;0;1
7.0;0.24;0.26;1.7;0.040999999999999995;31.0;110.0;0.9914200000000001;3.2;0.53;11.0;6;0;1
5.1;0.33;0.22;1.6;0.027000000000000003;18.0;89.0;0.9893;3.51;0.38;12.5;7;0;1
7.4;0.7;0.0;1.9;0.076;11.0;34.0;0.9978;3.51;0.56;9.4;5;1;0
8.1;0.38;0.48;1.8;0.157;5.0;17.0;0.9976;3.3;1.05;9.4;5;1;0
6.3;0.37;0.28;6.3;0.034;45.0;152.0;0.9921;3.29;0.46;11.6;7;0;1
6.9;0.46;0.2;0.9;0.054000000000000006;5.0;126.0;0.992;3.1;0.42;10.4;6;0;1
6.7;0.2;0.37;1.65;0.025;42.0;103.0;0.9902200000000001;3.11;0.45;11.4;5;0;1
6.7;0.21;0.36;8.55;0.02;20.0;86.0;0.99146;3.19;0.22;13.4;7;0;1
8.6;0.485;0.29;4.1;0.026000000000000002;19.0;101.0;0.9918;3.01;0.38;12.4;5;0;1
6.2;0.24;0.22;7.9;0.053;45.0;149.0;0.99545;3.23;0.52;9.3;5;0;1
8.2;0.42;0.29;4.1;0.03;31.0;100.0;0.9911;3.0;0.32;12.8;7;0;1
5.8;0.17;0.34;1.8;0.045;96.0;170.0;0.99035;3.38;0.9;11.8;8;0;1
8.4;0.22;0.28;18.8;0.027999999999999997;55.0;130.0;0.998;2.96;0.35;11.6;5;0;1
6.4;0.31;0.38;2.9;0.038;19.0;102.0;0.9912;3.17;0.35;11.0;7;0;1
6.6;0.23;0.26;1.3;0.045;16.0;128.0;0.9934;3.36;0.6;10.0;6;0;1
7.8;0.25;0.37;1.0;0.043;10.0;80.0;0.9912799999999999;3.08;0.38;11.4;5;0;1
8.1;0.785;0.52;2.0;0.122;37.0;153.0;0.9969;3.21;0.69;9.3;5;1;0
5.8;0.23;0.31;4.5;0.046;42.0;124.0;0.99324;3.31;0.64;10.8;6;0;1
5.6;0.185;0.19;7.1;0.048;36.0;110.0;0.9943799999999999;3.26;0.41;9.5;6;0;1
6.5;0.08;0.33;1.9;0.027999999999999997;23.0;93.0;0.991;3.34;0.7;12.0;7;0;1
7.7;0.28;0.35;15.3;0.055999999999999994;31.0;117.0;0.9998;3.27;0.5;9.6;5;0;1
8.2;0.23;0.4;1.2;0.027000000000000003;36.0;121.0;0.992;3.12;0.38;10.7;6;0;1
7.4;0.16;0.3;13.7;0.055999999999999994;33.0;168.0;0.99825;2.9;0.44;8.7;7;0;1
5.9;0.37;0.32;1.6;0.028999999999999998;41.0;102.0;0.98916;3.41;0.55;12.7;7;0;1
5.6;0.66;0.0;2.2;0.087;3.0;11.0;0.9937799999999999;3.71;0.63;12.8;7;1;0
6.8;0.815;0.0;1.2;0.267;16.0;29.0;0.99471;3.32;0.51;9.8;3;1;0
6.6;0.66;0.0;3.0;0.115;21.0;31.0;0.99629;3.45;0.63;10.3;5;1;0
6.3;0.4;0.24;5.1;0.036000000000000004;43.0;131.0;0.9918600000000001;3.24;0.44;11.3;6;0;1
6.7;0.23;0.26;1.4;0.06;33.0;154.0;0.9934;3.24;0.56;9.5;6;0;1
6.3;0.34;0.28;14.7;0.047;49.0;198.0;0.9977;3.23;0.46;9.5;5;0;1
6.9;0.35;0.55;11.95;0.038;22.0;111.0;0.99687;3.11;0.29;9.7;5;0;1
7.0;0.38;0.49;2.5;0.09699999999999999;33.0;85.0;0.9962;3.39;0.77;11.4;6;1;0
5.9;0.25;0.24;7.4;0.044000000000000004;21.0;113.0;0.9946200000000001;3.38;0.58;10.5;6;0;1
6.1;0.24;0.3;1.5;0.045;22.0;61.0;0.992;3.31;0.54;10.4;5;0;1
8.3;0.615;0.22;2.6;0.087;6.0;19.0;0.9982;3.26;0.61;9.3;5;1;0
7.5;0.27;0.31;5.8;0.057;131.0;313.0;0.9946;3.18;0.59;10.5;5;0;1
7.7;0.6;0.06;2.0;0.079;19.0;41.0;0.99697;3.39;0.62;10.1;6;1;0
6.2;0.3;0.31;1.6;0.035;40.0;106.0;0.9891399999999999;3.26;0.39;12.9;7;0;1
7.2;0.19;0.31;6.3;0.034;17.0;103.0;0.99305;3.15;0.52;11.4;7;0;1
7.5;0.61;0.26;1.9;0.073;24.0;88.0;0.9961200000000001;3.3;0.53;9.8;5;1;0
8.3;0.2;0.49;1.7;0.038;38.0;167.0;0.9939;3.05;0.37;10.1;6;0;1
5.8;0.23;0.2;2.0;0.043;39.0;154.0;0.99226;3.21;0.39;10.2;6;0;1
7.8;0.18;0.46;12.6;0.042;41.0;143.0;1.0;3.24;0.76;8.5;8;0;1
6.2;0.36;0.14;8.9;0.036000000000000004;38.0;155.0;0.9962200000000001;3.27;0.5;9.4;5;0;1
9.6;0.38;0.31;2.5;0.096;16.0;49.0;0.9982;3.19;0.7;10.0;7;1;0
7.4;0.67;0.12;1.6;0.18600000000000003;5.0;21.0;0.996;3.39;0.54;9.5;5;1;0
7.9;0.27;0.27;1.7;0.034;25.0;122.0;0.9908799999999999;2.97;0.51;11.9;6;0;1
6.0;0.28;0.52;6.2;0.027999999999999997;37.0;104.0;0.99161;3.28;0.51;11.8;7;0;1
6.8;0.28;0.17;13.9;0.047;49.0;162.0;0.9983;3.21;0.51;9.0;6;0;1
7.3;0.32;0.25;7.2;0.055999999999999994;47.0;180.0;0.9961;3.08;0.47;8.8;5;0;1
7.2;0.62;0.06;2.5;0.078;17.0;84.0;0.99746;3.51;0.53;9.7;5;1;0
5.6;0.62;0.03;1.5;0.08;6.0;13.0;0.99498;3.66;0.62;10.1;4;1;0
5.7;0.4;0.35;5.1;0.026000000000000002;17.0;113.0;0.9905200000000001;3.18;0.67;12.4;6;0;1
6.9;0.29;0.3;8.2;0.026000000000000002;35.0;112.0;0.99144;3.0;0.37;12.3;6;0;1
6.3;0.21;0.31;1.2;0.043;30.0;117.0;0.9915799999999999;3.49;0.68;11.0;6;0;1
7.7;0.27;0.61;12.0;0.046;64.0;179.0;0.9982;3.07;0.46;8.9;5;0;1
6.6;0.725;0.09;5.5;0.11699999999999999;9.0;17.0;0.99655;3.35;0.49;10.8;6;1;0
6.1;0.22;0.4;1.85;0.031;25.0;111.0;0.98966;3.03;0.3;11.8;7;0;1
6.5;0.2;0.33;1.5;0.039;36.0;110.0;0.99008;3.22;0.65;12.0;6;0;1
5.0;0.35;0.25;7.8;0.031;24.0;116.0;0.99241;3.39;0.4;11.3;6;0;1
5.6;0.49;0.13;4.5;0.039;17.0;116.0;0.9907;3.42;0.9;13.7;7;0;1
10.2;0.67;0.39;1.9;0.054000000000000006;6.0;17.0;0.9976;3.17;0.47;10.0;5;1;0
7.7;0.915;0.12;2.2;0.14300000000000002;7.0;23.0;0.9964;3.35;0.65;10.2;7;1;0
9.4;0.16;0.3;1.4;0.042;26.0;176.0;0.9954;3.15;0.46;9.1;5;0;1
6.5;0.3;0.27;4.0;0.038;37.0;97.0;0.99026;3.2;0.6;12.6;8;0;1
7.6;0.2;0.3;14.2;0.055999999999999994;53.0;212.5;0.9990000000000001;3.14;0.46;8.9;8;0;1
6.8;0.43;0.3;3.5;0.033;27.0;135.0;0.9906;3.0;0.37;12.0;6;0;1
6.3;0.34;0.29;6.2;0.046;29.0;227.0;0.9952;3.29;0.53;10.1;6;0;1
6.6;0.35;0.29;14.4;0.044000000000000004;54.0;177.0;0.9991;3.17;0.58;8.9;6;0;1
10.3;0.53;0.48;2.5;0.063;6.0;25.0;0.9998;3.12;0.59;9.3;6;1;0
6.1;0.24;0.27;9.8;0.062;33.0;152.0;0.9966;3.31;0.47;9.5;6;0;1
6.8;0.66;0.07;1.6;0.07;16.0;61.0;0.99572;3.29;0.6;9.3;5;1;0
7.0;0.26;0.46;15.55;0.037000000000000005;61.0;171.0;0.9986;2.94;0.35;8.8;6;0;1
9.2;0.43;0.49;2.4;0.086;23.0;116.0;0.9976;3.23;0.64;9.5;5;1;0
7.1;0.21;0.27;8.6;0.055999999999999994;26.0;111.0;0.9956;2.95;0.52;9.5;5;0;1
7.8;0.64;0.0;1.9;0.07200000000000001;27.0;55.0;0.9962;3.31;0.63;11.0;5;1;0
7.2;0.615;0.1;1.4;0.068;25.0;154.0;0.9949899999999999;3.2;0.48;9.7;4;0;1
6.9;0.605;0.12;10.7;0.073;40.0;83.0;0.9993;3.45;0.52;9.4;6;1;0
8.2;0.29;0.49;1.0;0.044000000000000004;29.0;118.0;0.9928;3.24;0.36;10.9;4;0;1
6.8;0.39;0.31;14.35;0.043;28.0;162.0;0.9988;3.17;0.54;9.1;5;0;1
6.9;0.54;0.3;2.2;0.08800000000000001;9.0;105.0;0.99725;3.25;1.18;10.5;6;1;0
12.4;0.35;0.49;2.6;0.079;27.0;69.0;0.9994;3.12;0.75;10.4;6;1;0
7.2;0.63;0.03;2.2;0.08;17.0;88.0;0.99745;3.53;0.58;9.8;6;1;0
7.3;0.29;0.3;13.0;0.043;46.0;238.0;0.9986;3.06;0.41;8.7;6;0;1
6.1;0.32;0.24;1.5;0.036000000000000004;38.0;124.0;0.9898;3.29;0.42;12.4;7;0;1
6.7;0.24;0.29;6.8;0.038;54.0;127.0;0.9932;3.33;0.46;11.6;7;0;1
7.5;0.6;0.32;2.7;0.10300000000000001;13.0;98.0;0.9993799999999999;3.45;0.62;9.5;5;1;0
7.4;0.27;0.49;1.1;0.037000000000000005;33.0;156.0;0.992;3.15;0.54;11.1;6;0;1
7.3;0.19;0.25;1.4;0.051;41.0;107.0;0.99382;3.53;0.66;10.5;7;0;1
6.3;0.31;0.3;10.0;0.046;49.0;212.0;0.9962;3.74;0.55;11.9;6;0;1
7.0;0.15;0.29;16.4;0.057999999999999996;45.0;110.0;0.9978;3.15;0.37;9.7;6;0;1
7.0;0.15;0.34;1.4;0.039;21.0;177.0;0.9927;3.32;0.62;10.8;5;0;1
6.6;0.4;0.46;6.2;0.055999999999999994;42.0;241.0;0.9968;3.5;0.6;9.9;5;0;1
8.5;0.21;0.26;9.25;0.034;73.0;142.0;0.9945;3.05;0.37;11.4;6;0;1
6.6;0.2;0.14;4.4;0.184;35.0;168.0;0.9939600000000001;2.93;0.45;9.4;6;0;1
7.4;0.19;0.3;12.8;0.053;48.5;229.0;0.9986;3.14;0.49;9.1;7;0;1
7.4;0.41;0.66;10.8;0.051;77.0;194.0;0.9976;3.05;0.46;8.7;5;0;1
5.8;0.13;0.22;12.7;0.057999999999999996;24.0;183.0;0.9956;3.32;0.42;11.7;6;0;1
6.4;0.37;0.19;3.5;0.068;18.0;101.0;0.9934;3.03;0.38;9.0;6;0;1
6.8;0.45;0.36;5.0;0.033;28.0;156.0;0.991;3.11;0.4;12.4;7;0;1
7.2;0.23;0.32;8.5;0.057999999999999996;47.0;186.0;0.9956;3.19;0.4;9.9;6;0;1
6.0;0.18;0.27;1.5;0.08900000000000001;40.0;143.0;0.9923;3.49;0.62;10.8;6;0;1
12.6;0.31;0.72;2.2;0.07200000000000001;6.0;29.0;0.9987;2.88;0.82;9.8;8;1;0
5.6;0.255;0.57;10.7;0.055999999999999994;66.0;171.0;0.99464;3.25;0.61;10.4;7;0;1
7.4;0.21;0.3;8.1;0.047;13.0;114.0;0.9941;3.12;0.35;10.5;6;0;1
7.5;0.53;0.06;2.6;0.086;20.0;44.0;0.9965;3.38;0.59;10.7;6;1;0
7.2;0.4;0.62;10.8;0.040999999999999995;70.0;189.0;0.9976;3.08;0.49;8.6;4;0;1
5.3;0.585;0.07;7.1;0.044000000000000004;34.0;145.0;0.9945;3.34;0.57;9.7;6;0;1
7.1;0.25;0.31;2.3;0.05;32.0;156.0;0.9914;3.14;0.51;11.4;6;0;1
6.6;0.38;0.15;4.6;0.044000000000000004;25.0;78.0;0.9931;3.11;0.38;10.2;6;0;1
7.1;0.36;0.28;2.4;0.036000000000000004;35.0;115.0;0.98936;3.19;0.44;13.5;7;0;1
7.4;0.39;0.23;7.0;0.033;29.0;126.0;0.9940000000000001;3.14;0.42;10.5;5;0;1
8.9;0.59;0.39;2.3;0.095;5.0;22.0;0.9986;3.37;0.58;10.3;5;1;0
7.7;0.275;0.3;1.0;0.039;19.0;75.0;0.992;3.01;0.56;10.7;5;0;1
6.2;0.28;0.27;10.3;0.03;26.0;108.0;0.9938799999999999;3.2;0.36;10.7;6;0;1
5.6;0.32;0.32;8.3;0.043;32.0;105.0;0.99266;3.24;0.47;11.2;6;0;1
7.3;0.66;0.0;2.0;0.084;6.0;23.0;0.9983;3.61;0.96;9.9;6;1;0
6.9;0.24;0.36;20.8;0.031;40.0;139.0;0.9975;3.2;0.33;11.0;6;0;1
4.9;0.345;0.34;1.0;0.068;32.0;143.0;0.9913799999999999;3.24;0.4;10.1;5;0;1
6.6;0.17;0.26;7.4;0.052000000000000005;45.0;128.0;0.9938799999999999;3.16;0.37;10.0;6;0;1
5.8;0.3;0.27;1.7;0.013999999999999999;45.0;104.0;0.9891399999999999;3.4;0.56;12.6;7;0;1
6.8;0.23;0.42;7.4;0.044000000000000004;56.0;189.0;0.9958;3.22;0.48;9.3;6;0;1
6.2;0.23;0.36;17.2;0.039;37.0;130.0;0.99946;3.23;0.43;8.8;6;0;1
5.7;0.21;0.32;0.9;0.038;38.0;121.0;0.99074;3.24;0.46;10.6;6;0;1
7.4;0.36;0.29;2.6;0.087;26.0;72.0;0.99645;3.39;0.68;11.0;5;1;0
6.5;0.51;0.15;3.0;0.064;12.0;27.0;0.9929;3.33;0.59;12.8;6;1;0
6.7;0.22;0.37;1.6;0.027999999999999997;24.0;102.0;0.9913;3.29;0.59;11.6;7;0;1
6.8;0.27;0.3;13.0;0.047;69.0;160.0;0.99705;3.16;0.5;9.6;6;0;1
6.8;0.29;0.32;1.8;0.032;18.0;130.0;0.99095;3.05;0.62;11.2;6;0;1
6.5;0.33;0.38;8.3;0.048;68.0;174.0;0.99492;3.14;0.5;9.6;5;0;1
6.5;0.32;0.45;7.7;0.022000000000000002;31.0;97.0;0.99134;3.2;0.7;12.7;7;0;1
7.2;0.21;1.0;1.1;0.154;46.0;114.0;0.9931;2.95;0.43;9.2;6;0;1
8.9;0.48;0.53;4.0;0.10099999999999999;3.0;10.0;0.9958600000000001;3.21;0.59;12.1;7;1;0
7.9;0.37;0.3;2.7;0.028999999999999998;64.0;158.0;0.9916;3.12;0.59;12.0;7;0;1
6.0;0.39;0.26;2.7;0.038;39.0;187.0;0.99325;3.41;0.5;10.8;6;0;1
6.8;0.27;0.42;7.3;0.054000000000000006;58.0;200.0;0.99556;3.12;0.49;9.4;6;0;1
8.5;0.23;0.4;9.9;0.036000000000000004;24.0;88.0;0.9951;3.02;0.42;10.5;6;0;1
8.3;0.28;0.4;7.8;0.040999999999999995;38.0;194.0;0.9976;3.34;0.51;9.6;6;0;1
8.1;0.29;0.49;7.1;0.042;22.0;124.0;0.9944;3.14;0.41;10.8;6;0;1
8.3;0.3;0.49;3.8;0.09;11.0;24.0;0.99498;3.27;0.64;12.1;7;1;0
7.4;0.19;0.3;12.8;0.053;48.5;229.0;0.9986;3.14;0.49;9.1;7;0;1
8.8;0.47;0.49;2.9;0.085;17.0;110.0;0.9982;3.29;0.6;9.8;5;1;0
9.6;0.77;0.12;2.9;0.08199999999999999;30.0;74.0;0.99865;3.3;0.64;10.4;6;1;0
5.6;0.21;0.24;4.4;0.027000000000000003;37.0;150.0;0.991;3.3;0.31;11.5;7;0;1
7.5;0.42;0.31;1.6;0.08;15.0;42.0;0.9978;3.31;0.64;9.0;5;1;0
6.6;0.855;0.02;2.4;0.062;15.0;23.0;0.9962700000000001;3.54;0.6;11.0;6;1;0
7.0;0.23;0.26;7.2;0.040999999999999995;21.0;90.0;0.9950899999999999;3.22;0.55;9.5;6;0;1
6.6;0.26;0.36;1.2;0.035;43.0;126.0;0.9909399999999999;3.01;0.63;11.4;6;0;1
7.5;0.23;0.35;17.8;0.057999999999999996;128.0;212.0;100.241;3.44;0.43;8.9;5;0;1
7.8;0.3;0.4;1.8;0.027999999999999997;23.0;122.0;0.9914;3.14;0.39;10.9;7;0;1
5.7;0.24;0.3;1.3;0.03;25.0;98.0;0.9896799999999999;3.37;0.43;12.4;7;0;1
6.4;0.14;0.28;7.9;0.057;21.0;82.0;0.99425;3.26;0.36;10.0;6;0;1
8.3;0.715;0.15;1.8;0.08900000000000001;10.0;52.0;0.9968;3.23;0.77;9.5;5;1;0
6.1;0.44;0.28;4.25;0.032;43.0;132.0;0.9916;3.26;0.47;11.3;7;0;1
7.8;0.39;0.42;2.0;0.086;9.0;21.0;0.99526;3.39;0.66;11.6;6;1;0
6.1;0.15;0.29;6.2;0.046;39.0;151.0;0.99471;3.6;0.44;10.6;6;0;1
8.2;0.2;0.38;3.5;0.053;41.0;174.0;0.99306;3.22;0.41;11.6;5;0;1
6.8;0.77;0.0;1.8;0.066;34.0;52.0;0.9976;3.62;0.68;9.9;5;1;0
6.6;0.25;0.39;1.45;0.04;40.0;89.0;0.9911;3.35;0.4;11.4;7;0;1
6.7;0.25;0.34;12.85;0.048;30.0;161.0;0.9986;3.44;0.47;9.5;6;0;1
6.5;0.21;0.37;2.5;0.048;70.0;138.0;0.9917;3.33;0.75;11.4;7;0;1
8.0;0.32;0.36;4.6;0.042;56.0;178.0;0.9928;3.29;0.47;12.0;6;0;1
8.7;0.52;0.09;2.5;0.091;20.0;49.0;0.9976;3.34;0.86;10.6;7;1;0
9.3;0.61;0.26;3.4;0.09;25.0;87.0;0.99975;3.24;0.62;9.7;5;1;0
5.4;0.375;0.4;3.3;0.054000000000000006;29.0;147.0;0.99482;3.42;0.52;9.1;5;0;1
9.3;0.41;0.39;2.2;0.064;12.0;31.0;0.9984;3.26;0.65;10.2;5;1;0
6.2;0.25;0.25;1.4;0.03;35.0;105.0;0.9912;3.3;0.44;11.1;7;0;1
8.1;0.27;0.33;1.3;0.045;26.0;100.0;0.99066;2.98;0.44;12.4;6;0;1
6.4;0.16;0.22;1.4;0.04;41.0;149.0;0.9933;3.49;0.58;10.0;6;0;1
6.5;0.18;0.41;14.2;0.039;47.0;129.0;0.9967799999999999;3.28;0.72;10.3;7;0;1
6.5;0.18;0.41;14.2;0.039;47.0;129.0;0.9967799999999999;3.28;0.72;10.3;7;0;1
7.9;0.33;0.28;31.6;0.053;35.0;176.0;10.103;3.15;0.38;8.8;6;0;1
7.4;0.27;0.28;1.8;0.04;45.0;121.0;0.9904299999999999;3.02;0.4;11.9;5;0;1
7.2;0.23;0.38;14.3;0.057999999999999996;55.0;194.0;0.9979;3.09;0.44;9.0;6;0;1
6.8;0.22;0.32;5.9;0.054000000000000006;40.0;152.0;0.9938;3.2;0.57;10.8;6;0;1
6.4;0.22;0.32;7.2;0.027999999999999997;15.0;83.0;0.993;3.13;0.55;10.9;8;0;1
7.5;0.22;0.32;2.4;0.045;29.0;100.0;0.99135;3.08;0.6;11.3;7;0;1
12.3;0.39;0.63;2.3;0.091;6.0;18.0;10.004;3.16;0.49;9.5;5;1;0
8.4;1.035;0.15;6.0;0.073;11.0;54.0;0.9990000000000001;3.37;0.49;9.9;5;1;0
6.4;0.22;0.38;9.1;0.044000000000000004;35.0;127.0;0.99326;2.97;0.3;11.0;7;0;1
7.0;0.16;0.36;2.6;0.028999999999999998;28.0;98.0;0.99126;3.11;0.37;11.2;7;0;1
6.2;0.36;0.26;13.2;0.051;54.0;201.0;0.9976;3.25;0.46;9.0;5;0;1
7.2;0.34;0.23;8.9;0.105;22.0;155.0;0.99692;3.01;0.58;9.5;5;0;1
5.9;0.34;0.25;2.0;0.042;12.0;110.0;0.99034;3.02;0.54;11.4;6;0;1
9.8;0.88;0.25;2.5;0.10400000000000001;35.0;155.0;1.001;3.41;0.67;11.2;5;1;0
7.3;0.18;0.65;1.4;0.046;28.0;157.0;0.9946;3.33;0.62;9.4;6;0;1
7.6;0.27;0.52;3.2;0.043;28.0;152.0;0.99129;3.02;0.53;11.4;6;0;1
6.15;0.21;0.37;3.2;0.021;20.0;80.0;0.9907600000000001;3.39;0.47;12.0;5;0;1
7.5;0.29;0.67;8.1;0.037000000000000005;53.0;166.0;0.9966;2.9;0.41;8.9;6;0;1
7.9;0.2;0.39;1.0;0.040999999999999995;37.0;154.0;0.99093;3.08;0.43;11.9;5;0;1
8.2;0.35;0.4;6.3;0.039;35.0;162.0;0.9936;3.15;0.34;11.9;7;0;1
5.7;0.27;0.32;1.2;0.046;20.0;155.0;0.9934;3.8;0.41;10.2;6;0;1
6.4;0.31;0.28;2.5;0.039;34.0;137.0;0.98946;3.22;0.38;12.7;6;0;1
6.4;0.25;0.37;4.5;0.039;41.0;147.0;0.9921;3.18;0.4;11.1;7;0;1
6.2;0.21;0.26;13.1;0.05;59.0;150.0;0.99772;3.31;0.46;9.0;5;0;1
6.3;0.21;0.33;13.9;0.046;68.0;179.0;0.9971;3.36;0.5;10.4;6;0;1
7.5;0.28;0.41;1.3;0.044000000000000004;11.0;126.0;0.99293;3.28;0.45;10.3;5;0;1
9.6;0.21;0.28;1.2;0.038;12.0;53.0;0.9926;2.8;0.46;10.6;5;0;1
7.5;0.33;0.38;8.7;0.126;49.0;199.0;0.99711;2.98;0.57;9.4;5;0;1
11.6;0.41;0.54;1.5;0.095;22.0;41.0;0.99735;3.02;0.76;9.9;7;1;0
6.6;0.25;0.36;8.1;0.045;54.0;180.0;0.9958;3.08;0.42;9.2;5;0;1
7.4;0.26;0.37;9.4;0.047;42.0;147.0;0.9982;3.46;0.72;10.0;5;0;1
7.0;0.27;0.74;1.3;0.17300000000000001;34.0;121.0;0.99334;3.04;0.46;9.2;6;0;1
7.1;0.2;0.27;9.6;0.037000000000000005;19.0;105.0;0.99444;3.04;0.37;10.5;7;0;1
8.3;0.65;0.1;2.9;0.08900000000000001;17.0;40.0;0.99803;3.29;0.55;9.5;5;1;0
6.1;0.16;0.34;6.1;0.034;31.0;114.0;0.99365;3.32;0.58;10.15;7;0;1
6.5;0.43;0.28;11.25;0.032;31.0;87.0;0.9922;3.02;0.38;12.4;6;0;1
6.3;0.68;0.01;3.7;0.10300000000000001;32.0;54.0;0.9958600000000001;3.51;0.66;11.3;6;1;0
6.4;0.24;0.29;11.4;0.051;32.0;166.0;0.9968;3.31;0.45;9.5;5;0;1
8.2;0.31;0.43;7.0;0.047;18.0;87.0;0.9962799999999999;3.23;0.64;10.6;5;0;1
7.7;0.34;0.3;8.0;0.048;25.0;192.0;0.9951;2.97;0.47;10.9;5;0;1
7.0;0.2;0.35;8.8;0.037000000000000005;31.0;103.0;0.9938799999999999;3.13;0.49;11.0;6;0;1
6.5;0.29;0.25;10.6;0.039;32.0;120.0;0.9962;3.31;0.34;10.1;6;0;1
7.8;0.6;0.14;2.4;0.086;3.0;15.0;0.9975;3.42;0.6;10.8;6;1;0
6.5;0.43;0.28;12.0;0.055999999999999994;23.0;174.0;0.9986;3.31;0.55;9.3;5;0;1
6.4;0.37;0.25;1.9;0.07400000000000001;21.0;49.0;0.9974;3.57;0.62;9.8;6;1;0
8.1;0.4;0.32;7.9;0.031;23.0;118.0;0.9917600000000001;3.05;0.46;13.3;7;0;1
6.9;0.19;0.33;1.6;0.043;63.0;149.0;0.9925;3.44;0.52;10.8;5;0;1
7.6;0.18;0.28;7.1;0.040999999999999995;29.0;110.0;0.9965200000000001;3.2;0.42;9.2;6;0;1
7.5;0.52;0.42;2.3;0.087;8.0;38.0;0.9972;3.58;0.61;10.5;6;1;0
5.7;0.23;0.25;7.95;0.042;16.0;108.0;0.9948600000000001;3.44;0.61;10.3;6;0;1
6.8;0.24;0.34;4.6;0.032;37.0;135.0;0.9927;3.2;0.39;10.6;5;0;1
6.7;0.25;0.26;13.5;0.06;50.0;156.0;0.99784;3.39;0.46;9.9;6;0;1
7.3;1.07;0.09;1.7;0.17800000000000002;10.0;89.0;0.9962;3.3;0.57;9.0;5;1;0
8.7;0.3;0.59;1.7;0.046;10.0;70.0;0.9937299999999999;3.06;0.56;10.8;4;0;1
6.8;0.16;0.18;1.8;0.046;31.0;114.0;0.99226;3.27;0.55;10.8;6;0;1
6.8;0.2;0.27;1.2;0.034;19.0;68.0;0.9902;3.14;0.37;11.7;4;0;1
10.7;0.43;0.39;2.2;0.106;8.0;32.0;0.9986;2.89;0.5;9.6;5;1;0
6.8;0.24;0.31;18.3;0.046;40.0;142.0;1.0;3.3;0.41;8.7;5;0;1
8.7;0.33;0.38;3.3;0.063;10.0;19.0;0.9946799999999999;3.3;0.73;12.0;7;1;0
5.7;0.26;0.27;4.1;0.201;73.5;189.5;0.9942;3.27;0.38;9.4;6;0;1
7.4;0.21;0.27;1.2;0.040999999999999995;27.0;99.0;0.9927;3.19;0.33;9.8;6;0;1
6.8;0.21;0.49;14.5;0.06;50.0;170.0;0.9991;3.55;0.44;9.8;6;0;1
5.4;0.31;0.47;3.0;0.053;46.0;144.0;0.9931;3.29;0.76;10.0;5;0;1
10.6;0.42;0.48;2.7;0.065;5.0;18.0;0.9972;3.21;0.87;11.3;6;1;0
6.3;0.36;0.19;3.2;0.075;15.0;39.0;0.9956;3.56;0.52;12.7;6;1;0
6.8;0.28;0.29;11.9;0.052000000000000005;51.0;149.0;0.99544;3.02;0.58;10.4;6;0;1
5.6;0.205;0.16;12.55;0.051;31.0;115.0;0.99564;3.4;0.38;10.8;6;0;1
6.2;0.21;0.27;1.7;0.038;41.0;150.0;0.9933;3.49;0.71;10.5;7;0;1
5.5;0.34;0.26;2.2;0.021;31.0;119.0;0.98919;3.55;0.49;13.0;8;0;1
7.7;0.67;0.23;2.1;0.08800000000000001;17.0;96.0;0.9962;3.32;0.48;9.5;5;1;0
14.3;0.31;0.74;1.8;0.075;6.0;15.0;10.008;2.86;0.79;8.4;6;1;0
6.7;0.11;0.26;14.8;0.053;44.0;95.0;0.9967600000000001;3.2;0.35;9.8;6;0;1
6.4;0.29;0.3;2.9;0.036000000000000004;25.0;79.0;0.9903700000000001;3.29;0.6;12.4;7;0;1
6.8;0.33;0.31;7.4;0.045;34.0;143.0;0.99226;3.06;0.55;12.2;6;0;1
5.8;0.24;0.26;10.05;0.039;63.0;162.0;0.99375;3.33;0.5;11.2;6;0;1
6.3;0.39;0.08;1.7;0.066;3.0;20.0;0.9954;3.34;0.58;9.4;5;1;0
7.4;0.66;0.0;1.8;0.075;13.0;40.0;0.9978;3.51;0.56;9.4;5;1;0
5.4;0.17;0.27;2.7;0.049;28.0;104.0;0.99224;3.46;0.55;10.3;6;0;1
6.7;0.29;0.49;4.7;0.034;35.0;156.0;0.9945;3.13;0.45;9.9;6;0;1
5.7;0.23;0.28;9.65;0.025;26.0;121.0;0.9925;3.28;0.38;11.3;6;0;1
7.1;0.12;0.32;9.6;0.054000000000000006;64.0;162.0;0.9962;3.4;0.41;9.4;5;0;1
6.3;0.27;0.37;7.9;0.047;58.0;215.0;0.9954200000000001;3.19;0.48;9.5;6;0;1
6.8;0.32;0.23;3.3;0.026000000000000002;31.0;99.0;0.9896;3.1;0.4;12.4;6;0;1
7.0;0.29;0.37;1.6;0.035;34.0;126.0;0.9905799999999999;3.26;0.47;12.3;6;0;1
8.1;0.5;0.47;1.1;0.037000000000000005;23.0;126.0;0.9938;3.21;0.42;10.9;5;0;1
7.0;0.17;0.31;4.8;0.034;34.0;132.0;0.9944;3.36;0.48;9.6;7;0;1
6.5;0.26;0.24;10.8;0.042;47.0;130.0;0.996;3.08;0.4;10.1;6;0;1
6.7;0.28;0.28;2.4;0.012;36.0;100.0;0.99064;3.26;0.39;11.7;7;1;0
7.6;0.24;0.44;3.8;0.037000000000000005;49.0;146.0;0.9911;3.06;0.37;11.6;6;0;1
6.7;0.2;0.3;1.4;0.025;17.0;76.0;0.9910399999999999;3.11;0.44;11.0;6;0;1
6.7;0.29;0.45;14.3;0.054000000000000006;30.0;181.0;0.99869;3.14;0.57;9.1;5;0;1
7.2;0.34;0.2;5.8;0.062;52.0;203.0;0.99461;3.17;0.44;9.8;6;0;1
6.9;0.27;0.25;7.5;0.03;18.0;117.0;0.99116;3.09;0.38;13.0;6;0;1
6.8;0.44;0.2;16.0;0.065;61.0;186.0;0.99884;3.13;0.45;8.6;5;0;1
7.1;0.755;0.15;1.8;0.107;20.0;84.0;0.99593;3.19;0.5;9.5;5;1;0
9.3;0.2;0.33;1.7;0.05;28.0;178.0;0.9954;3.16;0.43;9.0;4;0;1
6.6;0.21;0.29;1.8;0.026000000000000002;35.0;128.0;0.9918299999999999;3.37;0.48;11.2;6;0;1
6.5;0.22;0.28;3.7;0.059000000000000004;29.0;151.0;0.99177;3.23;0.41;12.1;7;0;1
8.3;0.655;0.12;2.3;0.083;15.0;113.0;0.9966;3.17;0.66;9.8;5;1;0
6.0;0.28;0.24;17.8;0.047;42.0;111.0;0.9989600000000001;3.1;0.45;8.9;6;0;1
5.7;0.22;0.22;16.65;0.044000000000000004;39.0;110.0;0.99855;3.24;0.48;9.0;6;0;1
6.2;0.23;0.23;1.2;0.018000000000000002;18.0;128.0;0.9917799999999999;3.05;0.28;10.6;5;0;1
6.2;0.36;0.27;3.2;0.032;13.0;73.0;0.9894200000000001;2.9;0.69;12.6;7;0;1
6.2;0.27;0.26;12.1;0.046;43.0;127.0;0.9951;3.16;0.37;10.8;6;0;1
8.0;0.25;0.43;1.7;0.067;22.0;50.0;0.9946;3.38;0.6;11.9;6;1;0
7.5;0.51;0.02;1.7;0.084;13.0;31.0;0.9953799999999999;3.36;0.54;10.5;6;1;0
6.8;0.14;0.18;1.4;0.047;30.0;90.0;0.99164;3.27;0.54;11.2;6;0;1
6.9;0.31;0.32;1.2;0.024;20.0;166.0;0.99208;3.05;0.54;9.8;6;0;1
10.7;0.67;0.22;2.7;0.107;17.0;34.0;10.004;3.28;0.98;9.9;6;1;0
7.3;0.41;0.29;1.8;0.032;26.0;74.0;0.9888899999999999;2.96;0.35;13.0;8;0;1
6.7;0.28;0.31;7.4;0.040999999999999995;7.0;81.0;0.99254;3.04;0.47;11.4;8;0;1
6.4;0.25;0.32;11.3;0.038;69.0;192.0;0.9957299999999999;3.14;0.5;10.2;6;0;1
10.5;0.42;0.66;2.95;0.11599999999999999;12.0;29.0;0.997;3.24;0.75;11.7;7;1;0
7.3;0.155;0.49;1.3;0.039;34.0;136.0;0.9926;3.14;0.77;10.5;6;0;1
9.9;0.5;0.5;13.8;0.205;48.0;82.0;100.242;3.16;0.75;8.8;5;1;0
6.4;0.24;0.5;11.6;0.047;60.0;211.0;0.9966;3.18;0.57;9.3;5;0;1
7.2;0.17;0.37;6.9;0.059000000000000004;47.0;128.0;0.9932200000000001;3.08;0.46;11.0;7;0;1
8.1;0.66;0.7;2.2;0.098;25.0;129.0;0.9972;3.08;0.53;9.0;5;1;0
6.9;0.26;0.29;4.2;0.043;33.0;114.0;0.9902;3.16;0.31;12.5;6;0;1
8.1;0.28;0.49;1.0;0.04;32.0;148.0;0.9936;3.13;0.41;10.0;6;0;1
5.2;0.2;0.27;3.2;0.047;16.0;93.0;0.99235;3.44;0.53;10.1;7;0;1
7.9;0.28;0.32;3.6;0.038;9.0;76.0;0.992;3.05;0.31;11.7;4;0;1
7.6;0.33;0.36;2.1;0.034;26.0;172.0;0.9944;3.42;0.48;10.5;4;0;1
7.5;0.3;0.32;1.4;0.032;31.0;161.0;0.99154;2.95;0.42;10.5;5;0;1
6.0;0.34;0.29;6.1;0.046;29.0;134.0;0.9946200000000001;3.48;0.57;10.7;6;0;1
6.8;0.3;0.29;6.2;0.025;29.0;95.0;0.9907100000000001;3.03;0.32;12.9;7;0;1
6.8;0.65;0.02;2.1;0.078;8.0;15.0;0.99498;3.35;0.62;10.4;6;1;0
8.6;0.22;0.33;1.2;0.031;38.0;95.0;0.99239;2.83;0.31;10.3;5;0;1
6.4;0.21;0.28;5.9;0.047;29.0;101.0;0.9927799999999999;3.15;0.4;11.0;6;0;1
7.1;0.875;0.05;5.7;0.08199999999999999;3.0;14.0;0.99808;3.4;0.52;10.2;3;1;0
7.4;0.24;0.4;4.3;0.032;9.0;95.0;0.992;3.09;0.39;11.1;6;0;1
9.1;0.29;0.33;2.05;0.063;13.0;27.0;0.99516;3.26;0.84;11.7;7;1;0
8.1;0.34;0.28;7.5;0.04;70.0;230.0;0.9955799999999999;3.14;0.55;9.8;6;0;1
9.6;0.33;0.52;2.2;0.07400000000000001;13.0;25.0;0.9950899999999999;3.36;0.76;12.4;7;1;0
7.5;0.38;0.29;4.9;0.021;38.0;113.0;0.99026;3.08;0.48;13.0;7;0;1
7.3;0.45;0.36;5.9;0.07400000000000001;12.0;87.0;0.9978;3.33;0.83;10.5;5;1;0
5.4;0.29;0.38;1.2;0.028999999999999998;31.0;132.0;0.98895;3.28;0.36;12.4;6;0;1
5.5;0.18;0.22;5.5;0.037000000000000005;10.0;86.0;0.99156;3.46;0.44;12.2;5;0;1
7.1;0.34;0.15;1.2;0.053;61.0;183.0;0.9936;3.09;0.43;9.2;5;0;1
10.6;0.36;0.6;2.2;0.152;7.0;18.0;0.9986;3.04;1.06;9.4;5;1;0
7.8;0.6;0.26;2.0;0.08;31.0;131.0;0.9962200000000001;3.21;0.52;9.9;5;1;0
7.3;0.19;0.27;13.9;0.057;45.0;155.0;0.9980700000000001;2.94;0.41;8.8;8;0;1
6.4;0.42;0.46;8.4;0.05;58.0;180.0;0.99495;3.18;0.46;9.7;6;0;1
7.6;0.31;0.52;13.2;0.042;61.0;148.0;0.99839;2.98;0.47;9.1;6;0;1
10.8;0.4;0.41;2.2;0.084;7.0;17.0;0.9984;3.08;0.67;9.3;6;1;0
6.9;0.41;0.33;2.2;0.081;22.0;36.0;0.9949;3.41;0.75;11.1;6;1;0
6.9;0.765;0.02;2.3;0.063;35.0;63.0;0.9975;3.57;0.78;9.9;5;1;0
6.5;0.33;0.3;3.8;0.036000000000000004;34.0;88.0;0.9902799999999999;3.25;0.63;12.5;7;0;1
7.1;0.32;0.4;1.5;0.034;13.0;84.0;0.9944;3.42;0.6;10.4;5;0;1
8.6;0.27;0.46;6.1;0.032;13.0;41.0;0.993;2.89;0.34;10.9;5;0;1
6.7;0.3;0.44;18.75;0.057;65.0;224.0;0.99956;3.11;0.53;9.1;5;0;1
6.0;0.33;0.2;1.8;0.031;49.0;159.0;0.9919;3.41;0.53;11.0;6;0;1
6.6;0.26;0.22;18.15;0.05;23.0;139.0;0.9990399999999999;3.06;0.5;9.2;5;0;1
5.8;0.34;0.21;7.2;0.040999999999999995;48.0;146.0;0.99441;3.16;0.49;9.8;5;0;1
10.0;0.59;0.31;2.2;0.09;26.0;62.0;0.9994;3.18;0.63;10.2;6;1;0
6.0;0.25;0.4;5.7;0.052000000000000005;56.0;152.0;0.99398;3.16;0.88;10.5;6;0;1
9.1;0.28;0.48;1.8;0.067;26.0;46.0;0.9967;3.32;1.04;10.6;6;1;0
6.0;0.24;0.28;3.95;0.038;61.0;134.0;0.99146;3.3;0.54;11.3;7;0;1
6.4;0.16;0.44;1.2;0.051;39.0;122.0;0.9905799999999999;3.11;0.75;11.3;7;0;1
7.0;0.2;0.34;5.7;0.035;32.0;83.0;0.9928;3.19;0.46;11.5;6;0;1
5.1;0.585;0.0;1.7;0.044000000000000004;14.0;86.0;0.99264;3.56;0.94;12.9;7;1;0
10.9;0.39;0.47;1.8;0.11800000000000001;6.0;14.0;0.9982;3.3;0.75;9.8;6;1;0
7.2;0.695;0.13;2.0;0.076;12.0;20.0;0.99546;3.29;0.54;10.1;5;1;0
5.8;0.26;0.24;9.2;0.044000000000000004;55.0;152.0;0.9961;3.31;0.38;9.4;5;0;1
6.4;0.25;0.57;1.0;0.062;21.0;122.0;0.9923799999999999;3.0;0.4;9.5;5;0;1
7.0;0.21;0.34;8.0;0.057;19.0;101.0;0.9954;2.99;0.59;9.4;5;0;1
6.0;0.19;0.37;9.7;0.032;17.0;50.0;0.9932;3.08;0.66;12.0;6;0;1
7.0;0.17;0.74;12.8;0.045;24.0;126.0;0.9942;3.26;0.38;12.2;8;0;1
7.0;0.32;0.29;4.9;0.036000000000000004;41.0;150.0;0.9916799999999999;3.38;0.43;12.2;6;0;1
5.8;0.33;0.2;16.05;0.047;26.0;166.0;0.9976;3.09;0.46;8.9;5;0;1
6.7;0.31;0.3;2.4;0.038;30.0;83.0;0.98867;3.09;0.36;12.8;7;0;1
6.7;0.19;0.23;6.2;0.047;36.0;117.0;0.9945;3.34;0.43;9.6;6;0;1
6.0;0.24;0.34;1.0;0.036000000000000004;52.0;184.0;0.99097;3.44;0.44;11.45;6;0;1
7.2;0.23;0.39;14.2;0.057999999999999996;49.0;192.0;0.9979;2.98;0.48;9.0;7;0;1
7.0;0.57;0.1;8.3;0.094;23.0;188.0;0.9972;3.4;0.47;9.2;4;0;1
6.8;0.33;0.31;7.4;0.045;34.0;143.0;0.99226;3.06;0.55;12.2;6;0;1
5.9;0.24;0.12;1.4;0.035;60.0;247.0;0.9935799999999999;3.34;0.44;9.6;6;0;1
5.7;0.21;0.37;4.5;0.04;58.0;140.0;0.9933200000000001;3.29;0.62;10.6;6;0;1
6.6;0.22;0.53;15.1;0.052000000000000005;22.0;136.0;0.9986;2.94;0.35;9.4;5;0;1
7.5;0.52;0.4;2.2;0.06;12.0;20.0;0.99474;3.26;0.64;11.8;6;1;0
6.6;0.3;0.25;8.0;0.036000000000000004;21.0;124.0;0.9936200000000001;3.06;0.38;10.8;6;0;1
7.6;0.13;0.34;9.3;0.062;40.0;126.0;0.9966;3.21;0.39;9.6;5;0;1
8.0;0.27;0.24;1.2;0.044000000000000004;20.0;102.0;0.9929;3.28;0.42;10.9;5;0;1
5.6;0.175;0.29;0.8;0.043;20.0;67.0;0.9911200000000001;3.28;0.48;9.9;6;0;1
8.0;0.725;0.24;2.8;0.083;10.0;62.0;0.99685;3.35;0.56;10.0;6;1;0
7.6;0.51;0.24;2.4;0.091;8.0;38.0;0.998;3.47;0.66;9.6;6;1;0
5.2;0.37;0.33;1.2;0.027999999999999997;13.0;81.0;0.9902;3.37;0.38;11.7;6;0;1
7.1;0.27;0.24;12.6;0.044000000000000004;48.0;118.0;0.99726;3.04;0.56;10.0;7;0;1
8.5;0.21;0.52;1.9;0.09;9.0;23.0;0.9964799999999999;3.36;0.67;10.4;5;1;0
6.8;0.2;0.36;1.6;0.027999999999999997;7.0;46.0;0.99175;3.21;0.6;10.9;6;0;1
8.3;0.2;0.49;1.7;0.04;34.0;169.0;0.9938;3.05;0.37;10.1;5;0;1
8.2;0.37;0.64;13.9;0.043;22.0;171.0;0.9987299999999999;2.99;0.8;9.3;5;0;1
6.7;0.64;0.23;2.1;0.08;11.0;119.0;0.9953799999999999;3.36;0.7;10.9;5;1;0
8.7;0.54;0.26;2.5;0.09699999999999999;7.0;31.0;0.9976;3.27;0.6;9.3;6;1;0
5.8;0.36;0.38;0.9;0.037000000000000005;3.0;75.0;0.9904;3.28;0.34;11.4;4;0;1
6.5;0.48;0.02;0.9;0.043;32.0;99.0;0.99226;3.14;0.47;9.8;4;0;1
6.7;0.34;0.26;1.9;0.038;58.0;138.0;0.9893;3.0;0.47;12.2;7;0;1
9.2;0.16;0.49;2.0;0.044000000000000004;18.0;107.0;0.9951399999999999;3.1;0.53;10.2;4;0;1
9.8;0.98;0.32;2.3;0.078;35.0;152.0;0.998;3.25;0.48;9.4;5;1;0
7.9;0.42;0.49;8.2;0.055999999999999994;32.0;164.0;0.9965;3.29;0.6;11.2;7;0;1
7.8;0.19;0.26;8.9;0.039;42.0;182.0;0.996;3.18;0.46;9.9;6;0;1
7.5;0.25;0.47;4.1;0.040999999999999995;95.0;163.0;0.9918399999999999;2.92;0.59;11.3;6;0;1
6.8;0.18;0.28;9.8;0.039;29.0;113.0;0.99406;3.11;0.45;10.9;7;0;1
12.8;0.615;0.66;5.8;0.083;7.0;42.0;10.022;3.07;0.73;10.0;7;1;0
7.2;0.39;0.63;11.0;0.044000000000000004;55.0;156.0;0.9974;3.09;0.44;8.7;6;0;1
6.2;0.17;0.28;4.7;0.037000000000000005;39.0;133.0;0.9931;3.41;0.46;10.8;7;0;1
10.2;0.54;0.37;15.4;0.214;55.0;95.0;100.369;3.18;0.77;9.0;6;1;0
7.1;0.2;0.34;16.0;0.05;51.0;166.0;0.9985;3.21;0.6;9.2;6;0;1
6.2;0.12;0.34;1.5;0.045;43.0;117.0;0.9939;3.42;0.51;9.0;6;0;1
8.2;0.26;0.33;2.6;0.053;11.0;71.0;0.9940200000000001;2.89;0.49;9.5;5;0;1
8.4;0.23;0.49;7.8;0.035;22.0;95.0;0.9935;3.04;0.34;12.0;6;0;1
6.7;0.24;0.3;3.85;0.042;105.0;179.0;0.9918899999999999;3.04;0.59;11.3;8;0;1
6.2;0.36;0.24;2.2;0.095;19.0;42.0;0.9946;3.57;0.57;11.7;6;1;0
6.7;0.42;0.39;12.1;0.04;61.0;248.0;0.9979399999999999;3.31;0.58;9.7;5;0;1
6.0;0.27;0.28;4.8;0.063;31.0;201.0;0.9964;3.69;0.71;10.0;5;0;1
4.7;0.335;0.14;1.3;0.036000000000000004;69.0;168.0;0.9921200000000001;3.47;0.46;10.5;5;0;1
7.8;0.3;0.29;16.85;0.054000000000000006;23.0;135.0;0.9998;3.16;0.38;9.0;6;0;1
8.3;0.58;0.13;2.9;0.096;14.0;63.0;0.9984;3.17;0.62;9.1;6;1;0
5.9;0.5;0.05;2.6;0.054000000000000006;36.0;146.0;0.9948;3.43;0.5;9.2;6;0;1
7.2;0.29;0.2;7.7;0.046;51.0;174.0;0.99582;3.16;0.52;9.5;5;0;1
6.6;0.39;0.28;9.2;0.036000000000000004;10.0;92.0;0.99206;3.07;0.35;12.1;6;0;1
8.2;0.7;0.23;2.0;0.099;14.0;81.0;0.9973;3.19;0.7;9.4;5;1;0
10.6;0.48;0.64;2.2;0.111;6.0;20.0;0.997;3.26;0.66;11.7;6;1;0
7.3;0.18;0.29;1.0;0.036000000000000004;26.0;101.0;0.99;3.09;0.37;11.7;6;0;1
8.5;0.655;0.49;6.1;0.122;34.0;151.0;1.001;3.31;1.14;9.3;5;1;0
6.45;0.14;0.42;1.2;0.05;51.0;129.0;0.99116;3.27;0.69;11.1;7;0;1
8.9;0.3;0.35;4.6;0.032;32.0;148.0;0.9945799999999999;3.15;0.45;11.5;7;0;1
7.5;0.3;0.71;1.3;0.16;44.0;149.0;0.9948;3.08;0.42;8.9;5;0;1
6.5;0.26;0.31;1.3;0.034;59.0;145.0;0.98944;3.16;0.54;12.4;6;0;1
8.3;0.715;0.15;1.8;0.08900000000000001;10.0;52.0;0.9968;3.23;0.77;9.5;5;1;0
7.3;0.19;0.25;1.4;0.051;41.0;107.0;0.99382;3.53;0.66;10.5;7;0;1
6.1;0.34;0.31;12.0;0.053;46.0;238.0;0.9977;3.16;0.48;8.6;5;0;1
6.9;0.22;0.32;5.8;0.040999999999999995;20.0;119.0;0.9929600000000001;3.17;0.55;11.2;6;0;1
8.2;0.2;0.49;3.5;0.057;14.0;108.0;0.9928;3.19;0.35;11.5;6;0;1
5.8;0.25;0.28;11.1;0.055999999999999994;45.0;175.0;0.99755;3.42;0.43;9.5;5;0;1
7.8;0.32;0.33;10.4;0.031;47.0;194.0;0.99692;3.07;0.58;9.6;6;0;1
6.6;0.285;0.49;11.4;0.035;57.0;137.0;0.9973200000000001;3.08;0.54;8.9;6;0;1
8.0;0.29;0.29;13.2;0.046;26.0;113.0;0.9983;3.25;0.37;9.7;6;0;1
8.2;0.35;0.33;2.4;0.076;11.0;47.0;0.9959899999999999;3.27;0.81;11.0;6;1;0
7.2;0.63;0.0;1.9;0.09699999999999999;14.0;38.0;0.99675;3.37;0.58;9.0;6;1;0
7.2;0.33;0.33;1.7;0.061;3.0;13.0;0.996;3.23;1.1;10.0;8;1;0
9.9;0.54;0.26;2.0;0.111;7.0;60.0;0.9970899999999999;2.94;0.98;10.2;5;1;0
7.5;0.21;0.34;1.2;0.06;26.0;111.0;0.9931;3.51;0.47;10.7;6;0;1
8.6;0.33;0.34;11.8;0.059000000000000004;42.0;240.0;0.99882;3.17;0.52;10.0;6;0;1
5.0;0.2;0.4;1.9;0.015;20.0;98.0;0.9897;3.37;0.55;12.05;6;0;1
6.0;0.26;0.26;2.2;0.035;10.0;72.0;0.9894649999999999;3.11;0.48;12.15;6;0;1
5.8;0.17;0.3;1.4;0.037000000000000005;55.0;130.0;0.9909;3.29;0.38;11.3;6;0;1
5.7;0.36;0.21;6.7;0.038;51.0;166.0;0.9941;3.29;0.63;10.0;6;0;1
5.9;0.32;0.33;2.1;0.027000000000000003;35.0;138.0;0.98945;3.37;0.42;12.7;6;0;1
6.1;0.34;0.29;2.2;0.036000000000000004;25.0;100.0;0.9893799999999999;3.06;0.44;11.8;6;0;1
7.9;0.34;0.44;6.5;0.027000000000000003;47.0;126.0;0.99124;2.96;0.37;12.5;6;0;1
6.6;0.16;0.21;6.7;0.055;43.0;157.0;0.99384;3.15;0.52;10.8;6;0;1
6.5;0.26;0.34;16.3;0.051;56.0;197.0;10.004;3.49;0.42;9.8;5;0;1
6.1;0.28;0.3;7.75;0.031;33.0;139.0;0.9929600000000001;3.22;0.46;11.0;6;0;1
7.4;0.19;0.31;14.5;0.045;39.0;193.0;0.9986;3.1;0.5;9.2;6;0;1
8.1;0.46;0.31;1.7;0.052000000000000005;50.0;183.0;0.9923;3.03;0.42;11.2;5;0;1
5.1;0.35;0.26;6.8;0.034;36.0;120.0;0.9918799999999999;3.38;0.4;11.5;6;0;1
7.0;0.3;0.38;14.9;0.032;60.0;181.0;0.9983;3.18;0.61;9.3;7;0;1
7.2;0.23;0.39;2.3;0.033;29.0;102.0;0.9908;3.26;0.54;12.3;7;0;1
7.1;0.63;0.06;2.0;0.083;8.0;29.0;0.99855;3.67;0.73;9.6;5;1;0
8.5;0.46;0.59;1.4;0.414;16.0;45.0;0.99702;3.03;1.34;9.2;5;1;0
8.8;0.55;0.04;2.2;0.11900000000000001;14.0;56.0;0.9962;3.21;0.6;10.9;6;1;0
8.0;0.59;0.71;17.35;0.038;61.0;228.0;1.0;2.95;0.75;9.3;5;0;1
6.2;0.2;0.32;2.8;0.05;17.0;126.0;0.9936;3.18;0.55;9.4;6;0;1
6.6;0.24;0.3;13.0;0.052000000000000005;18.0;143.0;0.99825;3.37;0.49;9.4;6;0;1
7.6;0.54;0.13;2.5;0.09699999999999999;24.0;66.0;0.99785;3.39;0.61;9.4;5;1;0
7.0;0.12;0.29;10.3;0.039;41.0;98.0;0.99564;3.19;0.38;9.8;8;0;1
6.7;0.11;0.26;14.8;0.053;44.0;95.0;0.9967600000000001;3.2;0.35;9.8;6;0;1
6.3;0.2;0.26;4.7;0.04;108.0;168.0;0.9927799999999999;3.07;0.75;10.7;7;0;1
7.2;0.32;0.3;8.25;0.02;14.0;104.0;0.9936200000000001;2.99;0.44;11.4;6;0;1
8.1;0.78;0.23;2.6;0.059000000000000004;5.0;15.0;0.997;3.37;0.56;11.3;5;1;0
5.6;0.42;0.34;2.4;0.022000000000000002;34.0;97.0;0.98915;3.22;0.38;12.8;7;0;1
11.9;0.37;0.69;2.3;0.078;12.0;24.0;0.9958;3.0;0.65;12.8;6;1;0
6.7;0.17;0.37;2.0;0.039;34.0;125.0;0.9922;3.26;0.6;10.8;7;0;1
6.5;0.32;0.34;5.7;0.044000000000000004;27.0;91.0;0.9918399999999999;3.28;0.6;12.0;7;0;1
8.3;0.14;0.36;8.8;0.026000000000000002;13.0;60.0;0.9956;3.13;0.35;11.05;5;0;1
8.9;0.75;0.14;2.5;0.086;9.0;30.0;0.99824;3.34;0.64;10.5;5;1;0
8.9;0.34;0.32;1.3;0.040999999999999995;12.0;188.0;0.9953;3.17;0.49;9.5;5;0;1
6.6;0.58;0.3;5.1;0.057;30.0;123.0;0.9949;3.24;0.38;9.0;5;0;1
6.1;0.32;0.25;1.8;0.086;5.0;32.0;0.99464;3.36;0.44;10.1;5;1;0
8.2;0.33;0.39;2.5;0.07400000000000001;29.0;48.0;0.9952799999999999;3.32;0.88;12.4;7;1;0
6.3;0.26;0.49;1.5;0.052000000000000005;34.0;134.0;0.9924;2.99;0.61;9.8;6;0;1
8.3;0.2;0.74;4.45;0.044000000000000004;33.0;130.0;0.9924;3.25;0.42;12.2;6;0;1
6.9;0.44;0.27;5.0;0.038;33.0;166.0;0.99124;3.2;0.42;12.2;6;0;1
8.1;0.45;0.34;8.3;0.037000000000000005;33.0;216.0;0.9976;3.31;0.64;9.7;5;0;1
6.9;0.24;0.34;4.7;0.04;43.0;161.0;0.9935;3.2;0.59;10.6;6;0;1
6.5;0.16;0.33;1.0;0.027000000000000003;23.0;75.0;0.9908;3.3;0.39;11.4;7;0;1
6.0;0.16;0.37;1.5;0.025;43.0;117.0;0.9928;3.46;0.51;9.7;6;0;1
6.1;0.21;0.4;1.4;0.066;40.5;165.0;0.9912;3.25;0.59;11.9;6;1;0
6.2;0.25;0.54;7.0;0.046;58.0;176.0;0.99454;3.19;0.7;10.4;5;0;1
7.4;0.16;0.49;1.2;0.055;18.0;150.0;0.9917;3.23;0.47;11.2;6;0;1
7.4;0.2;0.33;1.9;0.035;39.0;138.0;0.991;3.17;0.44;11.7;7;0;1
7.3;0.36;0.34;14.8;0.057;46.0;173.0;0.99751;3.14;0.57;10.2;5;0;1
6.4;0.16;0.25;1.4;0.057;21.0;125.0;0.9909100000000001;3.23;0.44;11.1;7;0;1
7.7;0.38;0.23;10.8;0.03;28.0;95.0;0.99164;2.93;0.41;13.6;6;0;1
6.8;0.19;0.58;14.2;0.038;51.0;164.0;0.9975;3.12;0.48;9.6;6;0;1
5.4;0.205;0.16;12.55;0.051;31.0;115.0;0.99564;3.4;0.38;10.8;6;0;1
6.0;0.29;0.25;1.4;0.033;30.0;114.0;0.9879399999999999;3.08;0.43;13.2;6;0;1
7.3;0.38;0.21;2.0;0.08;7.0;35.0;0.9961;3.33;0.47;9.5;5;1;0
9.0;0.4;0.41;2.0;0.057999999999999996;15.0;40.0;0.9941399999999999;3.22;0.6;12.2;6;1;0
6.9;0.23;0.41;8.0;0.03;30.0;114.0;0.9936799999999999;3.22;0.54;11.0;6;0;1
7.5;0.61;0.2;1.7;0.076;36.0;60.0;0.9949399999999999;3.1;0.4;9.3;5;1;0
10.1;0.31;0.44;2.3;0.08;22.0;46.0;0.9988;3.32;0.67;9.7;6;1;0
7.1;0.34;0.2;6.1;0.063;47.0;164.0;0.9946;3.17;0.42;10.0;5;0;1
8.2;0.23;0.42;1.9;0.069;9.0;17.0;0.9937600000000001;3.21;0.54;12.3;6;1;0
6.9;0.28;0.37;9.1;0.037000000000000005;16.0;76.0;0.9948;3.05;0.54;11.1;5;0;1
6.4;0.29;0.44;3.6;0.19699999999999998;75.0;183.0;0.9942;3.01;0.38;9.1;5;0;1
6.1;0.27;0.31;3.9;0.034;42.0;137.0;0.99218;3.24;0.46;10.9;6;0;1
6.9;0.24;0.4;15.4;0.052000000000000005;81.0;198.0;0.9986;3.2;0.69;9.4;5;0;1
7.3;0.22;0.41;15.4;0.05;55.0;191.0;1.0;3.32;0.59;8.9;6;0;1
7.8;0.26;0.49;3.2;0.027000000000000003;28.0;87.0;0.9919;3.03;0.32;11.3;7;0;1
7.7;0.24;0.3;1.4;0.040999999999999995;15.0;102.0;0.9929;3.26;0.53;10.4;6;0;1
7.3;0.26;0.24;1.7;0.05;10.0;112.0;0.9928600000000001;3.11;0.43;9.9;5;0;1
6.2;0.36;0.14;8.9;0.036000000000000004;38.0;155.0;0.9962200000000001;3.27;0.5;9.4;5;0;1
6.5;0.18;0.26;1.4;0.040999999999999995;40.0;141.0;0.9941;3.34;0.72;9.5;6;0;1
6.4;0.63;0.21;1.6;0.08;12.0;32.0;0.9968899999999999;3.58;0.66;9.8;5;1;0
11.4;0.26;0.44;3.6;0.071;6.0;19.0;0.9986;3.12;0.82;9.3;6;1;0
8.3;0.6;0.13;2.6;0.085;6.0;24.0;0.9984;3.31;0.59;9.2;6;1;0
5.6;0.35;0.4;6.3;0.022000000000000002;23.0;174.0;0.9922;3.54;0.5;11.6;7;0;1
7.8;0.21;0.27;1.2;0.051;20.0;89.0;0.9936;3.06;0.46;9.1;5;0;1
6.2;0.25;0.21;15.55;0.039;28.0;159.0;0.9982;3.48;0.64;9.6;6;0;1
6.6;0.39;0.39;11.9;0.057;51.0;221.0;0.99851;3.26;0.51;8.9;6;0;1
6.9;0.48;0.36;3.5;0.03;31.0;135.0;0.9904;3.14;0.38;12.2;7;0;1
7.9;0.58;0.23;2.3;0.076;23.0;94.0;0.9968600000000001;3.21;0.58;9.5;6;1;0
6.8;0.31;0.32;7.6;0.052000000000000005;35.0;143.0;0.9959;3.14;0.38;9.0;5;0;1
6.0;0.24;0.32;6.3;0.03;34.0;129.0;0.9946;3.52;0.41;10.4;5;0;1
8.0;0.26;0.36;2.0;0.054000000000000006;30.0;121.0;0.992;3.09;0.72;11.6;7;0;1
6.0;0.45;0.65;9.7;0.08;11.0;159.0;0.9956;3.04;0.48;9.4;5;0;1
5.7;0.27;0.16;9.0;0.053;32.0;111.0;0.99474;3.36;0.37;10.4;6;0;1
7.3;0.3;0.22;6.4;0.055999999999999994;44.0;168.0;0.9947;3.13;0.35;10.1;6;0;1
9.0;0.69;0.0;2.4;0.08800000000000001;19.0;38.0;0.9990000000000001;3.35;0.6;9.3;5;1;0
6.6;0.32;0.47;15.6;0.063;27.0;173.0;0.99872;3.18;0.56;9.0;5;0;1
5.9;0.29;0.28;3.2;0.035;16.0;117.0;0.98959;3.26;0.42;12.6;6;0;1
9.2;0.27;0.34;10.5;0.043;49.0;228.0;0.9974;3.04;0.41;10.4;6;0;1
6.8;0.2;0.25;6.2;0.052000000000000005;22.0;106.0;0.9935;3.09;0.54;10.8;5;0;1
6.2;0.25;0.39;1.3;0.051;42.0;135.0;0.9906;3.23;0.4;11.1;6;0;1
6.4;0.26;0.42;9.7;0.044000000000000004;30.0;140.0;0.9962;3.18;0.47;9.1;6;0;1
6.7;0.24;0.37;11.3;0.043;64.0;173.0;0.9963200000000001;3.08;0.53;9.9;6;0;1
5.6;0.18;0.58;1.25;0.034;29.0;129.0;0.9898399999999999;3.51;0.6;12.0;7;0;1
6.6;0.36;0.52;10.1;0.05;29.0;140.0;0.9962799999999999;3.07;0.4;9.4;5;0;1
7.1;0.31;0.38;1.2;0.036000000000000004;10.0;124.0;0.9924;3.14;0.44;9.9;6;0;1
7.0;0.29;0.49;3.8;0.047;37.0;136.0;0.9938;2.95;0.4;9.4;6;0;1
9.0;0.31;0.49;6.9;0.034;26.0;91.0;0.9937;2.99;0.34;11.5;5;0;1
7.6;0.43;0.29;2.1;0.075;19.0;66.0;0.99718;3.4;0.64;9.5;5;1;0
6.8;0.27;0.24;4.6;0.098;36.0;127.0;0.9941200000000001;3.15;0.49;9.6;6;0;1
6.4;0.46;0.08;4.9;0.046;34.0;144.0;0.99445;3.1;0.56;10.0;5;0;1
7.1;0.18;0.32;12.2;0.048;36.0;125.0;0.9967;2.92;0.54;9.4;6;0;1
6.1;0.25;0.3;1.2;0.036000000000000004;42.0;107.0;0.991;3.34;0.56;10.8;7;0;1
6.6;0.735;0.02;7.9;0.122;68.0;124.0;0.9994;3.47;0.53;9.9;5;1;0
5.7;0.45;0.42;1.1;0.051;61.0;197.0;0.9932;3.02;0.4;9.0;5;0;1
6.3;0.41;0.3;3.2;0.03;49.0;164.0;0.9927;3.53;0.79;11.7;7;0;1
5.0;0.24;0.21;2.2;0.039;31.0;100.0;0.99098;3.69;0.62;11.7;6;0;1
7.0;0.31;0.31;9.1;0.036000000000000004;45.0;140.0;0.99216;2.98;0.31;12.0;7;0;1
9.9;0.5;0.24;2.3;0.10300000000000001;6.0;14.0;0.9978;3.34;0.52;10.0;4;1;0
7.4;0.49;0.19;3.0;0.077;16.0;37.0;0.9966;3.37;0.51;10.5;5;1;0
7.5;0.23;0.29;2.6;0.031;24.0;98.0;0.9919399999999999;3.0;0.54;10.9;6;0;1
7.6;0.46;0.11;2.6;0.079;12.0;49.0;0.9968;3.21;0.57;10.0;5;1;0
7.4;0.29;0.25;3.8;0.044000000000000004;30.0;114.0;0.992;3.11;0.4;11.0;6;0;1
7.8;0.23;0.28;4.75;0.042;45.0;166.0;0.9928;2.96;0.4;11.5;5;0;1
6.6;0.2;0.27;10.9;0.038;29.0;130.0;0.9949600000000001;3.11;0.44;10.5;7;0;1
9.4;0.17;0.55;1.6;0.049;14.0;94.0;0.9949;3.02;0.61;10.3;6;0;1
6.0;0.25;0.28;7.7;0.053;37.0;132.0;0.9948899999999999;3.06;0.5;9.4;6;0;1
7.6;0.29;0.58;17.5;0.040999999999999995;51.0;225.0;0.9997;3.16;0.66;9.5;6;0;1
5.9;0.22;0.3;1.3;0.052000000000000005;42.0;86.0;0.99069;3.31;0.47;11.55;6;0;1
7.0;0.24;0.34;3.0;0.035;36.0;102.0;0.9905;3.18;0.43;12.2;6;0;1
6.1;0.32;0.25;1.7;0.034;37.0;136.0;0.992;3.47;0.5;10.8;7;0;1
8.7;0.31;0.73;14.35;0.044000000000000004;27.0;191.0;100.01299999999999;2.96;0.88;8.7;5;0;1
7.0;0.18;0.26;1.4;0.044000000000000004;46.0;89.0;0.99256;3.39;0.48;10.7;7;0;1
5.0;0.61;0.12;1.3;0.009000000000000001;65.0;100.0;0.9874;3.26;0.37;13.5;5;0;1
6.7;0.41;0.43;2.8;0.076;22.0;54.0;0.99572;3.42;1.16;10.6;6;1;0
6.0;0.32;0.3;1.9;0.033;41.0;142.0;0.9891200000000001;3.29;0.42;12.8;7;0;1
7.3;0.35;0.67;8.3;0.053;10.0;100.0;0.9959;3.19;0.5;10.9;5;0;1
7.7;0.35;0.49;8.65;0.033;42.0;186.0;0.9931;3.14;0.38;12.4;8;0;1
8.2;0.345;1.0;18.2;0.047;55.0;205.0;0.99965;2.96;0.43;9.6;5;0;1
9.7;0.31;0.47;1.6;0.062;13.0;33.0;0.9983;3.27;0.66;10.0;6;1;0
6.9;0.18;0.3;2.0;0.038;39.0;190.0;0.9914;3.32;0.37;12.2;6;0;1
12.0;0.28;0.49;1.9;0.07400000000000001;10.0;21.0;0.9976;2.98;0.66;9.9;7;1;0
7.8;0.39;0.26;9.9;0.059000000000000004;33.0;181.0;0.9955;3.04;0.42;10.9;6;0;1
6.7;0.31;0.32;14.5;0.038;6.0;79.0;0.9941200000000001;3.14;0.34;12.5;5;0;1
6.9;0.19;0.35;13.5;0.038;49.0;118.0;0.99546;3.0;0.63;10.7;6;0;1
7.2;0.2;0.22;1.6;0.044000000000000004;17.0;101.0;0.99471;3.37;0.53;10.0;5;0;1
7.1;0.46;0.23;13.7;0.045;44.0;192.0;0.9981;3.11;0.53;9.4;5;0;1
8.8;0.36;0.44;1.9;0.04;9.0;121.0;0.9953;3.19;0.48;9.9;6;0;1
6.3;0.36;0.2;2.0;0.048;48.0;191.0;0.9929;3.17;0.51;9.6;5;0;1
6.9;0.19;0.33;1.6;0.043;63.0;149.0;0.9925;3.44;0.52;10.8;5;0;1
7.6;0.17;0.27;4.6;0.05;23.0;98.0;0.9942200000000001;3.08;0.47;9.5;6;0;1
6.5;0.18;0.31;1.7;0.044000000000000004;30.0;127.0;0.9928;3.49;0.5;10.2;7;0;1
6.9;0.18;0.38;6.5;0.039;20.0;110.0;0.9943;3.1;0.42;10.5;5;0;1
7.2;0.66;0.33;2.5;0.068;34.0;102.0;0.9941399999999999;3.27;0.78;12.8;6;1;0
6.8;0.23;0.31;2.8;0.047;40.0;122.0;0.99126;3.06;0.64;10.9;7;0;1
9.6;0.5;0.36;2.8;0.11599999999999999;26.0;55.0;0.9972200000000001;3.18;0.68;10.9;5;1;0
8.1;0.24;0.38;4.3;0.044000000000000004;49.0;172.0;0.996;3.37;0.74;10.8;6;0;1
7.2;0.31;0.26;7.3;0.05;37.0;157.0;0.99625;3.09;0.43;9.0;5;0;1
9.7;0.14;0.59;1.5;0.049;23.0;142.0;0.9958;2.98;0.62;9.5;5;0;1
5.9;0.435;0.16;6.4;0.031;21.0;134.0;0.99151;3.24;0.46;12.2;6;0;1
9.0;0.38;0.53;2.1;0.102;19.0;76.0;0.9900100000000001;2.93;0.57;12.9;5;0;1
9.0;0.17;0.49;1.0;0.039;46.0;131.0;0.993;3.09;0.51;10.5;7;0;1
7.5;0.25;0.32;8.2;0.024;53.0;209.0;0.9956299999999999;3.12;0.46;10.8;6;0;1
7.1;0.26;0.32;5.9;0.037000000000000005;39.0;97.0;0.9934;3.31;0.4;11.6;6;0;1
6.6;0.41;0.31;1.6;0.042;18.0;101.0;0.99195;3.13;0.41;10.5;5;0;1
5.0;0.44;0.04;18.6;0.039;38.0;128.0;0.9985;3.37;0.57;10.2;6;0;1
6.8;0.63;0.07;2.1;0.08900000000000001;11.0;44.0;0.9953;3.47;0.55;10.4;6;1;0
6.0;0.2;0.32;3.0;0.031;26.0;118.0;0.99134;3.38;0.68;11.2;7;0;1
6.6;0.43;0.24;11.9;0.04;54.0;159.0;0.9962200000000001;3.14;0.54;9.8;6;0;1
6.9;0.41;0.33;10.1;0.043;28.0;152.0;0.9968;3.2;0.52;9.4;5;0;1
6.6;0.12;0.25;1.4;0.039;21.0;131.0;0.9911399999999999;3.2;0.45;11.2;7;0;1
7.5;0.33;0.28;4.9;0.042;21.0;155.0;0.99385;3.36;0.57;10.9;6;0;1
6.2;0.33;0.14;4.8;0.052000000000000005;27.0;128.0;0.99475;3.21;0.48;9.4;5;0;1
7.6;0.36;0.44;8.3;0.255;28.0;142.0;0.9958;3.12;0.43;10.2;6;0;1
7.0;0.16;0.32;8.3;0.045;38.0;126.0;0.9958;3.21;0.34;9.2;5;0;1
6.5;0.38;0.26;5.2;0.042;33.0;112.0;0.99067;3.06;0.5;12.3;7;0;1
7.6;0.42;0.25;3.9;0.10400000000000001;28.0;90.0;0.99784;3.15;0.57;9.1;5;1;0
7.0;0.23;0.4;1.6;0.063;21.0;67.0;0.9952;3.5;0.63;11.1;5;1;0
6.4;0.57;0.14;3.9;0.07;27.0;73.0;0.99669;3.32;0.48;9.2;5;1;0
6.4;0.46;0.22;14.7;0.047;51.0;183.0;0.998275;3.39;0.6;10.5;5;0;1
8.1;0.87;0.0;2.2;0.084;10.0;31.0;0.99656;3.25;0.5;9.8;5;1;0
8.0;0.27;0.33;1.2;0.05;41.0;103.0;0.9900200000000001;3.0;0.45;12.4;6;0;1
8.1;0.53;0.22;2.2;0.078;33.0;89.0;0.9967799999999999;3.26;0.46;9.6;6;1;0
6.8;0.17;0.36;1.4;0.036000000000000004;38.0;108.0;0.99006;3.19;0.66;12.0;6;0;1
6.0;0.21;0.24;12.1;0.05;55.0;164.0;0.997;3.34;0.39;9.4;5;0;1
7.0;0.23;0.33;5.8;0.04;25.0;136.0;0.995;3.19;0.58;9.5;6;0;1
7.8;0.29;0.33;8.75;0.035;33.0;181.0;0.9962;3.11;0.46;10.7;5;0;1
6.6;0.42;0.33;2.8;0.034;15.0;85.0;0.99;3.28;0.51;13.4;6;0;1
6.0;0.555;0.26;4.5;0.053;17.0;126.0;0.9943;3.24;0.46;9.1;5;0;1
9.6;0.68;0.24;2.2;0.087;5.0;28.0;0.9988;3.14;0.6;10.2;5;1;0
5.0;0.33;0.16;1.5;0.049;10.0;97.0;0.9917;3.48;0.44;10.7;6;0;1
7.0;0.57;0.0;2.0;0.19;12.0;45.0;0.9967600000000001;3.31;0.6;9.4;6;1;0
7.4;0.32;0.55;16.6;0.055999999999999994;53.0;238.0;10.017000000000001;2.96;0.58;8.7;6;0;1
6.8;0.28;0.44;11.5;0.04;58.0;223.0;0.9969;3.22;0.56;9.5;5;0;1
6.4;0.32;0.25;5.0;0.055;28.0;138.0;0.9917100000000001;3.27;0.5;12.4;8;0;1
7.3;0.55;0.01;1.8;0.09300000000000001;9.0;15.0;0.9951399999999999;3.35;0.58;11.0;7;1;0
9.9;0.57;0.25;2.0;0.10400000000000001;12.0;89.0;0.9963;3.04;0.9;10.1;5;1;0
6.8;0.36;0.32;1.6;0.039;10.0;124.0;0.9948;3.3;0.67;9.6;5;0;1
8.5;0.24;0.47;15.2;0.057;40.0;234.0;10.005;3.02;0.66;9.0;5;0;1
12.9;0.5;0.55;2.8;0.07200000000000001;7.0;24.0;100.012;3.09;0.68;10.9;6;1;0
7.8;0.645;0.0;5.5;0.086;5.0;18.0;0.9986;3.4;0.55;9.6;6;1;0
6.7;0.35;0.32;9.0;0.032;29.0;113.0;0.9918799999999999;3.13;0.65;12.9;7;0;1
6.9;0.44;0.0;1.4;0.07;32.0;38.0;0.9943799999999999;3.32;0.58;11.4;6;1;0
6.5;0.41;0.22;4.8;0.052000000000000005;49.0;142.0;0.9946;3.14;0.62;9.2;5;0;1
6.6;0.2;0.32;1.1;0.039;25.0;78.0;0.9926;3.39;0.54;10.2;7;0;1
7.5;0.41;0.23;14.8;0.054000000000000006;28.0;174.0;0.99898;3.18;0.49;9.7;5;0;1
7.2;0.22;0.24;1.4;0.040999999999999995;17.0;159.0;0.9919600000000001;3.25;0.53;11.2;6;0;1
7.5;0.38;0.33;9.2;0.043;19.0;116.0;0.99444;3.08;0.42;11.4;6;0;1
7.6;0.25;0.34;1.3;0.055999999999999994;34.0;176.0;0.99434;3.1;0.51;9.5;5;0;1
6.2;0.39;0.43;2.0;0.071;14.0;24.0;0.9942799999999999;3.45;0.87;11.2;7;1;0
7.3;0.49;0.1;2.6;0.068;4.0;14.0;0.9956200000000001;3.3;0.47;10.5;5;1;0
6.9;0.34;0.3;4.7;0.028999999999999998;34.0;148.0;0.99165;3.36;0.49;12.3;7;0;1
7.9;0.49;0.32;1.9;0.08199999999999999;17.0;144.0;0.9968;3.2;0.55;9.5;5;1;0
6.8;0.28;0.36;8.0;0.045;28.0;123.0;0.9928;3.02;0.37;11.4;6;0;1
6.8;0.27;0.49;1.2;0.044000000000000004;35.0;126.0;0.99;3.13;0.48;12.1;7;0;1
7.1;0.59;0.01;2.3;0.08;27.0;43.0;0.9955;3.42;0.58;10.7;6;1;0
6.6;0.425;0.25;2.35;0.034;23.0;87.0;0.99082;3.05;0.41;11.4;6;0;1
5.6;0.31;0.37;1.4;0.07400000000000001;12.0;96.0;0.9954;3.32;0.58;9.2;5;1;0
6.7;0.3;0.29;2.8;0.025;37.0;107.0;0.99159;3.31;0.63;11.3;7;0;1
7.0;0.54;0.0;2.1;0.079;39.0;55.0;0.9956;3.39;0.84;11.4;6;1;0
5.8;0.2;0.34;1.0;0.035;40.0;86.0;0.98993;3.5;0.42;11.7;5;0;1
7.6;0.41;0.14;3.0;0.087;21.0;43.0;0.9964;3.32;0.57;10.5;6;1;0
7.0;0.655;0.16;2.1;0.07400000000000001;8.0;25.0;0.9960600000000001;3.37;0.55;9.7;5;1;0
7.0;0.26;0.59;1.4;0.037000000000000005;40.0;120.0;0.9918;3.34;0.41;11.1;7;0;1
7.3;0.41;0.24;6.8;0.057;41.0;163.0;0.9949;3.2;0.41;9.9;6;0;1
6.6;0.31;0.38;16.05;0.057999999999999996;16.0;165.0;0.9997;3.38;0.6;9.2;5;0;1
6.8;0.3;0.22;6.2;0.06;41.0;190.0;0.9985799999999999;3.18;0.51;9.2;5;0;1
6.5;0.53;0.06;2.0;0.063;29.0;44.0;0.9948899999999999;3.38;0.83;10.3;6;1;0
6.2;0.16;0.34;1.7;0.038;85.0;153.0;0.9909;3.33;0.86;12.0;7;0;1
7.3;0.16;0.35;1.5;0.036000000000000004;29.0;108.0;0.9934200000000001;3.27;0.51;10.2;6;0;1
6.8;0.21;0.31;2.9;0.046;40.0;121.0;0.9913;3.07;0.65;10.9;7;0;1
6.9;0.16;0.3;9.6;0.057;50.0;185.0;0.9978;3.39;0.38;9.6;6;0;1
10.9;0.53;0.49;4.6;0.11800000000000001;10.0;17.0;10.002;3.07;0.56;11.7;6;1;0
6.1;0.37;0.46;12.0;0.042;61.0;210.0;0.997;3.17;0.59;9.7;6;0;1
7.0;0.36;0.3;5.0;0.04;40.0;143.0;0.9917299999999999;3.33;0.42;12.2;7;0;1
11.3;0.36;0.66;2.4;0.12300000000000001;3.0;8.0;0.9964200000000001;3.2;0.53;11.9;6;1;0
7.3;0.52;0.32;2.1;0.07;51.0;70.0;0.99418;3.34;0.82;12.9;6;1;0
6.6;0.56;0.15;10.0;0.037000000000000005;38.0;157.0;0.9964200000000001;3.28;0.52;9.4;5;0;1
8.0;0.25;0.13;17.2;0.036000000000000004;49.0;219.0;0.9996;2.96;0.46;9.7;5;0;1
6.0;0.28;0.29;19.3;0.051;36.0;174.0;0.99911;3.14;0.5;9.0;5;0;1
8.1;0.17;0.44;14.1;0.053;43.0;145.0;10.006;3.28;0.75;8.8;8;0;1
6.5;0.19;0.27;4.9;0.037000000000000005;13.0;101.0;0.9916;3.17;0.41;11.8;6;0;1
6.1;0.55;0.15;9.8;0.031;19.0;125.0;0.9957;3.36;0.47;10.2;6;0;1
5.3;0.21;0.29;0.7;0.027999999999999997;11.0;66.0;0.99215;3.3;0.4;9.8;5;0;1
6.5;0.21;0.28;1.4;0.046;26.0;66.0;0.9919899999999999;3.43;0.48;11.1;6;0;1
7.0;0.25;0.56;2.0;0.035;20.0;95.0;0.9918;3.23;0.53;11.0;6;0;1
9.7;0.66;0.34;2.6;0.094;12.0;88.0;0.9979600000000001;3.26;0.66;10.1;5;1;0
5.0;0.27;0.32;4.5;0.032;58.0;178.0;0.98956;3.45;0.31;12.6;7;0;1
7.0;0.24;0.36;2.8;0.034;22.0;112.0;0.99;3.19;0.38;12.6;8;0;1
6.6;0.14;0.44;1.6;0.042;47.0;140.0;0.993;3.32;0.51;10.2;6;0;1
6.1;0.41;0.24;1.6;0.049;16.0;137.0;0.993;3.32;0.5;10.4;6;0;1
7.7;0.835;0.0;2.6;0.081;6.0;14.0;0.9975;3.3;0.52;9.3;5;1;0
6.8;0.19;0.71;17.5;0.042;21.0;114.0;0.99784;2.85;0.5;9.5;6;0;1
6.4;0.43;0.27;1.1;0.054000000000000006;5.0;110.0;0.9939;3.24;0.52;9.1;4;0;1
6.8;0.37;0.47;11.2;0.071;44.0;136.0;0.9968;2.98;0.88;9.2;5;0;1
5.8;0.13;0.22;12.7;0.057999999999999996;24.0;183.0;0.9956;3.32;0.42;11.7;6;0;1
5.7;0.28;0.28;2.2;0.019;15.0;65.0;0.9902;3.06;0.52;11.2;6;0;1
10.2;0.34;0.48;2.1;0.052000000000000005;5.0;9.0;0.9945799999999999;3.2;0.69;12.1;7;1;0
7.4;0.19;0.31;14.5;0.045;39.0;193.0;0.9986;3.1;0.5;9.2;6;0;1
6.4;0.33;0.24;1.6;0.054000000000000006;25.0;117.0;0.9943;3.36;0.5;9.3;5;0;1
6.4;0.18;0.28;17.05;0.047;53.0;139.0;0.99724;3.25;0.35;10.5;6;0;1
6.6;0.22;0.37;15.4;0.035;62.0;153.0;0.99845;3.02;0.4;9.3;5;0;1
8.1;0.17;0.44;14.1;0.053;43.0;145.0;10.006;3.28;0.75;8.8;8;0;1
5.8;0.18;0.28;1.3;0.034;9.0;94.0;0.99092;3.21;0.52;11.2;6;0;1
7.3;0.26;0.53;12.7;0.047;60.5;156.0;0.9984;3.06;0.45;9.1;6;0;1
6.4;0.26;0.43;12.6;0.033;64.0;230.0;0.9974;3.08;0.38;8.9;5;0;1
6.0;0.19;0.29;1.2;0.046;29.0;92.0;0.9903299999999999;3.22;0.53;11.3;6;0;1
7.1;0.29;0.34;7.8;0.036000000000000004;49.0;128.0;0.99397;3.21;0.4;10.7;6;0;1
7.1;0.44;0.37;2.7;0.040999999999999995;35.0;128.0;0.9896;3.07;0.43;13.5;7;0;1
7.0;0.32;0.31;6.4;0.031;38.0;115.0;0.99235;3.38;0.58;12.2;7;0;1
7.7;0.16;0.41;1.7;0.048;60.0;173.0;0.9932;3.24;0.66;11.2;7;0;1
6.6;0.16;0.3;1.6;0.034;15.0;78.0;0.992;3.38;0.44;11.2;6;0;1
8.8;0.31;0.4;2.8;0.109;7.0;16.0;0.9961399999999999;3.31;0.79;11.8;7;1;0
15.0;0.21;0.44;2.2;0.075;10.0;24.0;100.005;3.07;0.84;9.2;7;1;0
6.3;0.4;0.32;10.6;0.049;38.0;209.0;0.9981;3.47;0.59;9.3;6;0;1
8.3;0.3;0.36;10.0;0.042;33.0;169.0;0.9982;3.23;0.51;9.3;6;0;1
10.4;0.26;0.48;1.9;0.066;6.0;10.0;0.99724;3.33;0.87;10.9;6;1;0
7.2;0.33;0.28;1.4;0.034;26.0;109.0;0.99246;3.28;0.57;10.6;6;0;1
7.8;0.27;0.28;1.8;0.05;21.0;127.0;0.9934;3.15;0.44;9.9;5;0;1
10.9;0.37;0.58;4.0;0.071;17.0;65.0;0.99935;3.22;0.78;10.1;5;1;0
7.6;0.19;0.37;13.1;0.033;52.0;151.0;0.99726;3.18;0.79;10.4;6;0;1
5.7;0.41;0.21;1.9;0.048;30.0;112.0;0.9913799999999999;3.29;0.55;11.2;6;0;1
6.7;0.34;0.43;1.6;0.040999999999999995;29.0;114.0;0.9901399999999999;3.23;0.44;12.6;6;0;1
6.6;0.34;0.25;4.8;0.038;16.0;121.0;0.99198;3.36;0.71;12.6;6;0;1
7.5;0.28;0.39;10.2;0.045;59.0;209.0;0.9972;3.16;0.63;9.6;6;0;1
6.6;0.32;0.26;7.7;0.054000000000000006;56.0;209.0;0.9961;3.17;0.45;8.8;5;0;1
5.9;0.19;0.21;1.7;0.045;57.0;135.0;0.99341;3.32;0.44;9.5;5;1;0
5.8;0.28;0.66;9.1;0.039;26.0;159.0;0.9965;3.66;0.55;10.8;5;0;1
